Date,Open,High,Low,Adj Close
2018-01-02 00:00:00-05:00,297400.0,298000.0,294000.0,295755.0
2018-01-03 00:00:00-05:00,296200.0,299920.0,295801.0,299905.0
2018-01-04 00:00:00-05:00,300450.0,302980.0,300000.0,300516.0
2018-01-05 00:00:00-05:00,302200.0,302430.0,297900.0,301525.0
2018-01-08 00:00:00-05:00,299500.0,304530.0,299500.0,304180.0
2018-01-09 00:00:00-05:00,305784.0,306280.0,303880.0,304500.0
2018-01-10 00:00:00-05:00,304625.0,308600.0,303930.0,308350.0
2018-01-11 00:00:00-05:00,309000.0,310760.0,308800.0,309950.0
2018-01-12 00:00:00-05:00,310100.0,315390.0,309910.0,315225.0
2018-01-16 00:00:00-05:00,319620.0,321060.0,313980.0,315261.0
2018-01-17 00:00:00-05:00,317800.0,323630.0,315561.0,321469.0
2018-01-18 00:00:00-05:00,324300.0,324300.0,319620.0,320000.0
2018-01-19 00:00:00-05:00,320800.0,321000.0,318191.0,320238.0
2018-01-22 00:00:00-05:00,320130.0,324064.0,320085.0,324064.0
2018-01-23 00:00:00-05:00,324500.0,324619.0,319393.0,322885.0
2018-01-24 00:00:00-05:00,323551.0,325230.0,322000.0,323480.0
2018-01-25 00:00:00-05:00,324600.0,324600.0,321520.0,322850.0
2018-01-26 00:00:00-05:00,323100.0,325915.0,323100.0,325915.0
2018-01-29 00:00:00-05:00,325650.0,326350.0,322910.0,323500.0
2018-01-30 00:00:00-05:00,322480.0,324915.0,322155.0,323000.0
2018-01-31 00:00:00-05:00,323000.0,323500.0,321010.0,323375.0
2018-02-01 00:00:00-05:00,322300.0,326110.0,322000.0,325900.0
2018-02-02 00:00:00-05:00,324351.0,324380.0,312030.0,314340.0
2018-02-05 00:00:00-05:00,308500.0,311850.0,295000.0,295600.0
2018-02-06 00:00:00-05:00,293150.0,303431.0,288540.0,303000.0
2018-02-07 00:00:00-05:00,304200.0,306710.0,301000.0,301000.0
2018-02-08 00:00:00-05:00,301190.0,301190.0,288000.0,288000.0
2018-02-09 00:00:00-05:00,293859.0,296296.0,285250.0,294140.0
2018-02-12 00:00:00-05:00,298100.0,301020.0,295000.0,298940.0
2018-02-13 00:00:00-05:00,296400.0,298508.0,294500.0,297500.0
2018-02-14 00:00:00-05:00,295960.0,301180.0,294458.0,301005.0
2018-02-15 00:00:00-05:00,303580.0,305999.0,301100.0,305999.0
2018-02-16 00:00:00-05:00,304650.0,309590.0,304650.0,306000.0
2018-02-20 00:00:00-05:00,305400.0,306805.0,303660.0,304904.0
2018-02-21 00:00:00-05:00,304470.0,307770.0,301240.0,301530.0
2018-02-22 00:00:00-05:00,302500.0,305020.0,300345.0,301404.0
2018-02-23 00:00:00-05:00,301860.0,306400.0,301425.0,304020.0
2018-02-26 00:00:00-05:00,311240.0,316520.0,308455.0,316126.0
2018-02-27 00:00:00-05:00,318150.0,319500.0,314345.0,314345.0
2018-02-28 00:00:00-05:00,316100.0,317410.0,310250.0,310250.0
2018-03-01 00:00:00-05:00,311000.0,313000.0,301405.0,302946.0
2018-03-02 00:00:00-05:00,300980.0,303693.0,299360.0,303100.0
2018-03-05 00:00:00-05:00,302000.0,306499.0,300240.0,304500.0
2018-03-06 00:00:00-05:00,307000.0,307499.0,304400.0,307005.0
2018-03-07 00:00:00-05:00,303900.0,307560.0,303430.0,306756.0
2018-03-08 00:00:00-05:00,306400.0,310994.0,305240.0,307700.0
2018-03-09 00:00:00-05:00,311540.0,319780.0,309355.0,319600.0
2018-03-12 00:00:00-04:00,319320.0,320000.0,317130.0,317746.0
2018-03-13 00:00:00-04:00,318020.0,319860.0,313395.0,314039.0
2018-03-14 00:00:00-04:00,315485.0,315485.0,309435.0,310655.0
2018-03-15 00:00:00-04:00,312501.0,313950.0,308000.0,311601.0
2018-03-16 00:00:00-04:00,313340.0,313340.0,309880.0,310630.0
2018-03-19 00:00:00-04:00,310400.0,310513.0,304100.0,305980.0
2018-03-20 00:00:00-04:00,307501.0,308210.0,305810.0,307100.0
2018-03-21 00:00:00-04:00,308950.0,310720.0,306020.0,307600.0
2018-03-22 00:00:00-04:00,304730.0,304730.0,295950.0,296949.0
2018-03-23 00:00:00-04:00,297440.0,298389.0,288450.0,288755.0
2018-03-26 00:00:00-04:00,295500.0,299925.0,293455.0,299500.0
2018-03-27 00:00:00-04:00,301000.0,302590.0,292380.0,294650.0
2018-03-28 00:00:00-04:00,296400.0,298145.0,291640.0,295041.0
2018-03-29 00:00:00-04:00,296540.0,301518.0,296540.0,299100.0
2018-04-02 00:00:00-04:00,298620.0,299100.0,288740.0,293410.0
2018-04-03 00:00:00-04:00,295480.0,297325.0,291885.0,296850.0
2018-04-04 00:00:00-04:00,291100.0,300900.0,291100.0,299850.0
2018-04-05 00:00:00-04:00,301410.0,304200.0,300500.0,301750.0
2018-04-06 00:00:00-04:00,298810.0,299750.0,290990.0,294000.0
2018-04-09 00:00:00-04:00,296150.0,298000.0,292560.0,292671.0
2018-04-10 00:00:00-04:00,296760.0,299500.0,296300.0,296556.0
2018-04-11 00:00:00-04:00,295250.0,295500.0,292690.0,293249.0
2018-04-12 00:00:00-04:00,295320.0,299370.0,295000.0,297021.0
2018-04-13 00:00:00-04:00,299200.0,299960.0,294300.0,295891.0
2018-04-16 00:00:00-04:00,297949.0,299892.0,296600.0,297181.0
2018-04-17 00:00:00-04:00,299499.0,300950.0,298590.0,298701.0
2018-04-18 00:00:00-04:00,300170.0,301300.0,299130.0,299205.0
2018-04-19 00:00:00-04:00,300000.0,302000.0,298990.0,300300.0
2018-04-20 00:00:00-04:00,301680.0,301680.0,298450.0,300140.0
2018-04-23 00:00:00-04:00,300998.0,301420.0,298000.0,298821.0
2018-04-24 00:00:00-04:00,299600.0,300750.0,293000.0,295734.0
2018-04-25 00:00:00-04:00,294660.0,296010.0,291995.0,295279.0
2018-04-26 00:00:00-04:00,296750.0,296760.0,294400.0,295769.0
2018-04-27 00:00:00-04:00,295850.0,296455.0,293980.0,295995.0
2018-04-30 00:00:00-04:00,296900.0,297240.0,290650.0,290650.0
2018-05-01 00:00:00-04:00,291150.0,292730.0,289170.0,292730.0
2018-05-02 00:00:00-04:00,291850.0,292400.0,289750.0,290450.0
2018-05-03 00:00:00-04:00,289171.0,289171.0,284850.0,287051.0
2018-05-04 00:00:00-04:00,288200.0,294349.0,280428.0,292600.0
2018-05-07 00:00:00-04:00,294720.0,297500.0,293700.0,295600.0
2018-05-08 00:00:00-04:00,295560.0,295770.0,292240.0,295700.0
2018-05-09 00:00:00-04:00,295000.0,300000.0,294950.0,299991.0
2018-05-10 00:00:00-04:00,300140.0,301630.0,298635.0,301630.0
2018-05-11 00:00:00-04:00,300300.0,303530.0,298360.0,298770.0
2018-05-14 00:00:00-04:00,300000.0,300730.0,298100.0,298200.0
2018-05-15 00:00:00-04:00,297555.0,298155.0,294420.0,296200.0
2018-05-16 00:00:00-04:00,295700.0,297580.0,295000.0,296300.0
2018-05-17 00:00:00-04:00,296750.0,296840.0,295000.0,296440.0
2018-05-18 00:00:00-04:00,296440.0,296440.0,293965.0,294380.0
2018-05-21 00:00:00-04:00,296200.0,297775.0,295745.0,296620.0
2018-05-22 00:00:00-04:00,297300.0,298300.0,296006.0,296991.0
2018-05-23 00:00:00-04:00,296500.0,296580.0,292647.0,294400.0
2018-05-24 00:00:00-04:00,293980.0,294110.0,291222.0,291850.0
2018-05-25 00:00:00-04:00,291600.0,292370.0,290100.0,290886.0
2018-05-29 00:00:00-04:00,289700.0,289700.0,283600.0,286000.0
2018-05-30 00:00:00-04:00,288500.0,293116.0,288300.0,292000.0
2018-05-31 00:00:00-04:00,291000.0,291700.0,287200.0,287200.0
2018-06-01 00:00:00-04:00,290080.0,291000.0,288470.0,289200.0
2018-06-04 00:00:00-04:00,290095.0,291080.0,288000.0,288000.0
2018-06-05 00:00:00-04:00,288000.0,288100.0,286200.0,286700.0
2018-06-06 00:00:00-04:00,287680.0,291261.0,287680.0,290722.0
2018-06-07 00:00:00-04:00,291900.0,294000.0,291110.0,292900.0
2018-06-08 00:00:00-04:00,292300.0,294540.0,291645.0,294055.0
2018-06-11 00:00:00-04:00,294600.0,295302.0,292770.0,292770.0
2018-06-12 00:00:00-04:00,293450.0,294190.0,292370.0,293005.0
2018-06-13 00:00:00-04:00,293100.0,294020.0,291825.0,292769.0
2018-06-14 00:00:00-04:00,292800.0,292800.0,288978.0,289670.0
2018-06-15 00:00:00-04:00,289600.0,289600.0,286200.0,287626.0
2018-06-18 00:00:00-04:00,286100.0,287850.0,285700.0,287600.0
2018-06-19 00:00:00-04:00,286450.0,287164.0,284800.0,286700.0
2018-06-20 00:00:00-04:00,286780.0,286780.0,285000.0,285000.0
2018-06-21 00:00:00-04:00,285300.0,285800.0,283600.0,285000.0
2018-06-22 00:00:00-04:00,285900.0,287310.0,285401.0,286541.0
2018-06-25 00:00:00-04:00,285000.0,285705.0,282500.0,284640.0
2018-06-26 00:00:00-04:00,283200.0,287000.0,282400.0,284500.0
2018-06-27 00:00:00-04:00,284500.0,285700.0,281600.0,281600.0
2018-06-28 00:00:00-04:00,282950.0,285625.0,282000.0,284920.0
2018-06-29 00:00:00-04:00,286700.0,288080.0,282000.0,282040.0
2018-07-02 00:00:00-04:00,282050.0,284501.0,282050.0,283800.0
2018-07-03 00:00:00-04:00,284900.0,285000.0,281600.0,282000.0
2018-07-05 00:00:00-04:00,282400.0,284203.0,282140.0,283635.0
2018-07-06 00:00:00-04:00,283140.0,285406.0,282840.0,283700.0
2018-07-09 00:00:00-04:00,285000.0,286720.0,284515.0,286720.0
2018-07-10 00:00:00-04:00,287499.0,287770.0,286070.0,286385.0
2018-07-11 00:00:00-04:00,285500.0,289500.0,285010.0,288481.0
2018-07-12 00:00:00-04:00,288550.0,289800.0,286161.0,288000.0
2018-07-13 00:00:00-04:00,288000.0,290100.0,287221.0,290000.0
2018-07-16 00:00:00-04:00,288800.0,290920.0,288800.0,289000.0
2018-07-17 00:00:00-04:00,289220.0,289800.0,287560.0,288500.0
2018-07-18 00:00:00-04:00,295060.0,304100.0,295060.0,303210.0
2018-07-19 00:00:00-04:00,303210.0,303549.0,298205.0,299000.0
2018-07-20 00:00:00-04:00,298005.0,299380.0,298005.0,299380.0
2018-07-23 00:00:00-04:00,298900.0,301560.0,298835.0,300230.0
2018-07-24 00:00:00-04:00,300650.0,303400.0,300400.0,300400.0
2018-07-25 00:00:00-04:00,300000.0,300500.0,297888.0,299816.0
2018-07-26 00:00:00-04:00,300300.0,302000.0,300300.0,300501.0
2018-07-27 00:00:00-04:00,300500.0,302749.0,300500.0,302000.0
2018-07-30 00:00:00-04:00,301240.0,304400.0,301240.0,303432.0
2018-07-31 00:00:00-04:00,303400.0,303400.0,301080.0,301550.0
2018-08-01 00:00:00-04:00,302500.0,303900.0,300770.0,301200.0
2018-08-02 00:00:00-04:00,300550.0,302175.0,299000.0,301160.0
2018-08-03 00:00:00-04:00,302300.0,304990.0,301720.0,304671.0
2018-08-06 00:00:00-04:00,309000.0,315015.0,308600.0,311806.0
2018-08-07 00:00:00-04:00,313950.0,317100.0,313950.0,315600.0
2018-08-08 00:00:00-04:00,315550.0,316599.0,314376.0,315300.0
2018-08-09 00:00:00-04:00,315400.0,316575.0,315000.0,315100.0
2018-08-10 00:00:00-04:00,313799.0,313799.0,310540.0,312000.0
2018-08-13 00:00:00-04:00,311200.0,312750.0,309983.0,310230.0
2018-08-14 00:00:00-04:00,310745.0,312108.0,310250.0,310815.0
2018-08-15 00:00:00-04:00,310000.0,311300.0,308000.0,309050.0
2018-08-16 00:00:00-04:00,310120.0,313195.0,309950.0,313000.0
2018-08-17 00:00:00-04:00,312975.0,314290.0,312260.0,313465.0
2018-08-20 00:00:00-04:00,313465.0,315535.0,313465.0,314060.0
2018-08-21 00:00:00-04:00,314950.0,315600.0,313725.0,313725.0
2018-08-22 00:00:00-04:00,313250.0,313250.0,311960.0,312400.0
2018-08-23 00:00:00-04:00,312300.0,312930.0,311710.0,311983.0
2018-08-24 00:00:00-04:00,312150.0,313640.0,312150.0,312850.0
2018-08-27 00:00:00-04:00,314250.0,317500.0,314250.0,316200.0
2018-08-28 00:00:00-04:00,316700.0,317730.0,316110.0,317124.0
2018-08-29 00:00:00-04:00,317850.0,317850.0,316320.0,317505.0
2018-08-30 00:00:00-04:00,317000.0,317450.0,315880.0,317000.0
2018-08-31 00:00:00-04:00,316900.0,316900.0,315000.0,315800.0
2018-09-04 00:00:00-04:00,315800.0,317250.0,315000.0,317250.0
2018-09-05 00:00:00-04:00,316500.0,319950.0,316123.0,319920.0
2018-09-06 00:00:00-04:00,318500.0,321175.0,318500.0,320035.0
2018-09-07 00:00:00-04:00,320000.0,322743.0,320000.0,321700.0
2018-09-10 00:00:00-04:00,322200.0,324995.0,322105.0,322560.0
2018-09-11 00:00:00-04:00,321200.0,324420.0,320070.0,323242.0
2018-09-12 00:00:00-04:00,321750.0,323420.0,321750.0,322340.0
2018-09-13 00:00:00-04:00,322700.0,323455.0,321575.0,321575.0
2018-09-14 00:00:00-04:00,323980.0,324999.0,323276.0,324999.0
2018-09-17 00:00:00-04:00,325040.0,325666.0,323836.0,324575.0
2018-09-18 00:00:00-04:00,325000.0,327820.0,324945.0,327436.0
2018-09-19 00:00:00-04:00,326400.0,332000.0,326400.0,332000.0
2018-09-20 00:00:00-04:00,332300.0,334560.0,332300.0,333415.0
2018-09-21 00:00:00-04:00,333780.0,333860.0,331015.0,331336.0
2018-09-24 00:00:00-04:00,330300.0,330990.0,326940.0,327840.0
2018-09-25 00:00:00-04:00,328101.0,328500.0,326280.0,328500.0
2018-09-26 00:00:00-04:00,328100.0,328100.0,324286.0,324286.0
2018-09-27 00:00:00-04:00,324401.0,326500.0,323112.0,324731.0
2018-09-28 00:00:00-04:00,324500.0,324500.0,320000.0,320000.0
2018-10-01 00:00:00-04:00,323165.0,324100.0,320910.0,321930.0
2018-10-02 00:00:00-04:00,321280.0,323330.0,321150.0,322900.0
2018-10-03 00:00:00-04:00,323175.0,326506.0,323175.0,323878.0
2018-10-04 00:00:00-04:00,324325.0,328410.0,324325.0,327900.0
2018-10-05 00:00:00-04:00,328700.0,330120.0,328190.0,329500.0
2018-10-08 00:00:00-04:00,329150.0,334070.0,329150.0,333337.0
2018-10-09 00:00:00-04:00,332700.0,335900.0,331800.0,335630.0
2018-10-10 00:00:00-04:00,334830.0,335441.0,319100.0,319100.0
2018-10-11 00:00:00-04:00,316110.0,317990.0,305000.0,308000.0
2018-10-12 00:00:00-04:00,314200.0,314590.0,306375.0,310000.0
2018-10-15 00:00:00-04:00,310000.0,310000.0,307205.0,308000.0
2018-10-16 00:00:00-04:00,310750.0,316000.0,309750.0,314750.0
2018-10-17 00:00:00-04:00,314500.0,317500.0,311296.0,315200.0
2018-10-18 00:00:00-04:00,316100.0,316889.0,311000.0,313200.0
2018-10-19 00:00:00-04:00,313200.0,316180.0,312264.0,314477.0
2018-10-22 00:00:00-04:00,315150.0,315150.0,309080.0,309080.0
2018-10-23 00:00:00-04:00,304899.0,307915.0,302861.0,305100.0
2018-10-24 00:00:00-04:00,305003.0,306000.0,299381.0,299995.0
2018-10-25 00:00:00-04:00,302000.0,305050.0,300430.0,302231.0
2018-10-26 00:00:00-04:00,299995.0,300605.0,296003.0,296805.0
2018-10-29 00:00:00-04:00,302500.0,306864.0,297000.0,300000.0
2018-10-30 00:00:00-04:00,300300.0,305579.0,298480.0,305579.0
2018-10-31 00:00:00-04:00,309180.0,312010.0,307090.0,307705.0
2018-11-01 00:00:00-04:00,308007.0,309199.0,306001.0,308366.0
2018-11-02 00:00:00-04:00,312150.0,313015.0,305250.0,308411.0
2018-11-05 00:00:00-05:00,318880.0,326047.0,318880.0,323935.0
2018-11-06 00:00:00-05:00,325945.0,327600.0,324885.0,327050.0
2018-11-07 00:00:00-05:00,330000.0,332222.0,326600.0,331391.0
2018-11-08 00:00:00-05:00,331400.0,335109.0,330980.0,333200.0
2018-11-09 00:00:00-05:00,331840.0,331940.0,327510.0,329665.0
2018-11-12 00:00:00-05:00,328930.0,329065.0,322980.0,323040.0
2018-11-13 00:00:00-05:00,323105.0,328408.0,323105.0,326700.0
2018-11-14 00:00:00-05:00,329080.0,330450.0,321000.0,323700.0
2018-11-15 00:00:00-05:00,322770.0,326300.0,318120.0,326300.0
2018-11-16 00:00:00-05:00,326000.0,330526.0,323800.0,328350.0
2018-11-19 00:00:00-05:00,327000.0,327025.0,322960.0,326706.0
2018-11-20 00:00:00-05:00,322710.0,323010.0,315623.0,315970.0
2018-11-21 00:00:00-05:00,316300.0,320396.0,316000.0,316301.0
2018-11-23 00:00:00-05:00,315000.0,315000.0,310340.0,310340.0
2018-11-26 00:00:00-05:00,313700.0,316430.0,313135.0,316040.0
2018-11-27 00:00:00-05:00,315420.0,319100.0,315420.0,318696.0
2018-11-28 00:00:00-05:00,319150.0,326450.0,318745.0,325000.0
2018-11-29 00:00:00-05:00,324750.0,328900.0,324200.0,326481.0
2018-11-30 00:00:00-05:00,325125.0,328550.0,325125.0,326000.0
2018-12-03 00:00:00-05:00,331500.0,335041.0,328580.0,330921.0
2018-12-04 00:00:00-05:00,330200.0,330200.0,314929.0,315000.0
2018-12-06 00:00:00-05:00,310550.0,312150.0,304500.0,312000.0
2018-12-07 00:00:00-05:00,313250.0,316280.0,305850.0,307674.0
2018-12-10 00:00:00-05:00,306200.0,306990.0,298101.0,304600.0
2018-12-11 00:00:00-05:00,309499.0,310697.0,301234.0,303226.0
2018-12-12 00:00:00-05:00,308000.0,308272.0,303400.0,303600.0
2018-12-13 00:00:00-05:00,303700.0,304955.0,302310.0,303750.0
2018-12-14 00:00:00-05:00,301554.0,302406.0,299440.0,300320.0
2018-12-17 00:00:00-05:00,299120.0,303150.0,296000.0,297000.0
2018-12-18 00:00:00-05:00,299030.0,300540.0,292524.0,294500.0
2018-12-19 00:00:00-05:00,295000.0,301000.0,290627.0,293040.0
2018-12-20 00:00:00-05:00,290425.0,292975.0,287485.0,290100.0
2018-12-21 00:00:00-05:00,290000.0,296100.0,287800.0,288000.0
2018-12-24 00:00:00-05:00,288000.0,288000.0,281000.0,282640.0
2018-12-26 00:00:00-05:00,283250.0,296745.0,279410.0,294850.0
2018-12-27 00:00:00-05:00,293000.0,299800.0,288000.0,298500.0
2018-12-28 00:00:00-05:00,300005.0,306900.0,300005.0,302600.0
2018-12-31 00:00:00-05:00,306000.0,307479.0,301618.0,306000.0
2019-01-02 00:00:00-05:00,302000.0,306255.0,301880.0,304057.0
2019-01-03 00:00:00-05:00,300000.0,300000.0,286650.0,287000.0
2019-01-04 00:00:00-05:00,292715.0,295404.0,290755.0,292500.0
2019-01-07 00:00:00-05:00,294500.0,297170.0,292970.0,295400.0
2019-01-08 00:00:00-05:00,299060.0,299060.0,292179.0,294300.0
2019-01-09 00:00:00-05:00,295990.0,296250.0,292600.0,294560.0
2019-01-10 00:00:00-05:00,293600.0,296725.0,292815.0,295160.0
2019-01-11 00:00:00-05:00,293750.0,294300.0,292000.0,293980.0
2019-01-14 00:00:00-05:00,291750.0,294631.0,291650.0,292371.0
2019-01-15 00:00:00-05:00,294180.0,295880.0,293009.0,295000.0
2019-01-16 00:00:00-05:00,296300.0,299300.0,295811.0,295811.0
2019-01-17 00:00:00-05:00,297000.0,299075.0,294970.0,297547.0
2019-01-18 00:00:00-05:00,301398.0,306725.0,300603.0,306500.0
2019-01-22 00:00:00-05:00,305000.0,307305.0,298794.0,300531.0
2019-01-23 00:00:00-05:00,300725.0,301850.0,298000.0,301835.0
2019-01-24 00:00:00-05:00,300035.0,302100.0,299740.0,301680.0
2019-01-25 00:00:00-05:00,304561.0,306950.0,303265.0,303531.0
2019-01-28 00:00:00-05:00,301900.0,302240.0,299850.0,301000.0
2019-01-29 00:00:00-05:00,300880.0,303014.0,300745.0,303000.0
2019-01-30 00:00:00-05:00,305900.0,311145.0,304800.0,309180.0
2019-01-31 00:00:00-05:00,307540.0,311890.0,306195.0,311500.0
2019-02-01 00:00:00-05:00,310005.0,313960.0,309965.0,313875.0
2019-02-04 00:00:00-05:00,313650.0,313650.0,310470.0,312000.0
2019-02-05 00:00:00-05:00,312550.0,313000.0,310155.0,310700.0
2019-02-06 00:00:00-05:00,310000.0,310449.0,307780.0,308810.0
2019-02-07 00:00:00-05:00,307000.0,307150.0,301100.0,302813.0
2019-02-08 00:00:00-05:00,301000.0,301390.0,297381.0,300771.0
2019-02-11 00:00:00-05:00,302375.0,304930.0,302350.0,304884.0
2019-02-12 00:00:00-05:00,307900.0,310000.0,307655.0,309260.0
2019-02-13 00:00:00-05:00,309650.0,312140.0,308025.0,308320.0
2019-02-14 00:00:00-05:00,306895.0,306895.0,302585.0,303890.0
2019-02-15 00:00:00-05:00,307000.0,308320.0,305850.0,308139.0
2019-02-19 00:00:00-05:00,307820.0,309350.0,307295.0,307315.0
2019-02-20 00:00:00-05:00,308375.0,309500.0,307500.0,309500.0
2019-02-21 00:00:00-05:00,308992.0,309800.0,306535.0,307925.0
2019-02-22 00:00:00-05:00,305434.0,305434.0,300000.0,302000.0
2019-02-25 00:00:00-05:00,303050.0,307500.0,302000.0,303300.0
2019-02-26 00:00:00-05:00,303900.0,303900.0,302000.0,302500.0
2019-02-27 00:00:00-05:00,302500.0,303503.0,302100.0,303000.0
2019-02-28 00:00:00-05:00,303605.0,303710.0,302000.0,302200.0
2019-03-01 00:00:00-05:00,304520.0,306416.0,303000.0,304860.0
2019-03-04 00:00:00-05:00,304900.0,307315.0,301200.0,303400.0
2019-03-05 00:00:00-05:00,302825.0,303100.0,301300.0,302600.0
2019-03-06 00:00:00-05:00,302300.0,303548.0,301200.0,301375.0
2019-03-07 00:00:00-05:00,300800.0,301000.0,297500.0,299050.0
2019-03-08 00:00:00-05:00,297000.0,299161.0,295900.0,299000.0
2019-03-11 00:00:00-04:00,300000.0,303451.0,300000.0,303279.0
2019-03-12 00:00:00-04:00,304200.0,305540.0,303725.0,304235.0
2019-03-13 00:00:00-04:00,304500.0,308026.0,304355.0,306300.0
2019-03-14 00:00:00-04:00,305360.0,306555.0,304300.0,305350.0
2019-03-15 00:00:00-04:00,306440.0,309171.0,306000.0,307250.0
2019-03-18 00:00:00-04:00,308140.0,310394.0,308140.0,309996.0
2019-03-19 00:00:00-04:00,311100.0,311299.0,307100.0,307900.0
2019-03-20 00:00:00-04:00,307900.0,307922.0,304850.0,305505.0
2019-03-21 00:00:00-04:00,304000.0,307120.0,303390.0,307120.0
2019-03-22 00:00:00-04:00,305940.0,305940.0,300717.0,301225.0
2019-03-25 00:00:00-04:00,301227.0,303410.0,297900.0,299380.0
2019-03-26 00:00:00-04:00,301425.0,302018.0,298500.0,300961.0
2019-03-27 00:00:00-04:00,300851.0,301481.0,297900.0,299764.0
2019-03-28 00:00:00-04:00,300050.0,301250.0,298400.0,301250.0
2019-03-29 00:00:00-04:00,302500.0,302579.0,300152.0,301215.0
2019-04-01 00:00:00-04:00,302800.0,307930.0,302800.0,307800.0
2019-04-02 00:00:00-04:00,307000.0,307900.0,305417.0,306000.0
2019-04-03 00:00:00-04:00,308000.0,308240.0,304600.0,305750.0
2019-04-04 00:00:00-04:00,305250.0,307385.0,305100.0,306461.0
2019-04-05 00:00:00-04:00,305495.0,308375.0,305495.0,307776.0
2019-04-08 00:00:00-04:00,307674.0,308598.0,306185.0,307461.0
2019-04-09 00:00:00-04:00,306820.0,307380.0,305600.0,307380.0
2019-04-10 00:00:00-04:00,307700.0,307700.0,305600.0,307000.0
2019-04-11 00:00:00-04:00,308074.0,310500.0,306899.0,309875.0
2019-04-12 00:00:00-04:00,311000.0,317226.0,311000.0,314250.0
2019-04-15 00:00:00-04:00,315000.0,315345.0,311570.0,314500.0
2019-04-16 00:00:00-04:00,315000.0,317500.0,315000.0,317500.0
2019-04-17 00:00:00-04:00,318000.0,318519.0,314694.0,316040.0
2019-04-18 00:00:00-04:00,316620.0,317003.0,314610.0,315330.0
2019-04-22 00:00:00-04:00,313800.0,315310.0,313460.0,314100.0
2019-04-23 00:00:00-04:00,313865.0,317730.0,313756.0,317684.0
2019-04-24 00:00:00-04:00,317025.0,317703.0,315561.0,316000.0
2019-04-25 00:00:00-04:00,314900.0,319015.0,314295.0,318500.0
2019-04-26 00:00:00-04:00,318505.0,321494.0,318420.0,321000.0
2019-04-29 00:00:00-04:00,322000.0,325845.0,322000.0,324921.0
2019-04-30 00:00:00-04:00,325000.0,325615.0,322294.0,325080.0
2019-05-01 00:00:00-04:00,325700.0,328013.0,324926.0,325900.0
2019-05-02 00:00:00-04:00,325000.0,326557.0,322861.0,324214.0
2019-05-03 00:00:00-04:00,326000.0,328555.0,325385.0,327766.0
2019-05-06 00:00:00-04:00,322100.0,322250.0,317390.0,320000.0
2019-05-07 00:00:00-04:00,316400.0,317755.0,312000.0,315120.0
2019-05-08 00:00:00-04:00,314900.0,324000.0,312500.0,314750.0
2019-05-09 00:00:00-04:00,313500.0,314890.0,308325.0,314400.0
2019-05-10 00:00:00-04:00,310850.0,315910.0,308601.0,315500.0
2019-05-13 00:00:00-04:00,309750.0,311000.0,308360.0,308360.0
2019-05-14 00:00:00-04:00,310100.0,312081.0,306666.0,306850.0
2019-05-15 00:00:00-04:00,306000.0,307595.0,303475.0,305580.0
2019-05-16 00:00:00-04:00,308000.0,311000.0,307690.0,307936.0
2019-05-17 00:00:00-04:00,305450.0,309023.0,305150.0,306355.0
2019-05-20 00:00:00-04:00,305100.0,305975.0,304138.0,305362.0
2019-05-21 00:00:00-04:00,306000.0,307481.0,305400.0,306225.0
2019-05-22 00:00:00-04:00,305234.0,306355.0,304188.0,304300.0
2019-05-23 00:00:00-04:00,303000.0,304200.0,300593.0,304115.0
2019-05-24 00:00:00-04:00,304540.0,305000.0,302850.0,303000.0
2019-05-28 00:00:00-04:00,304350.0,304500.0,301000.0,301050.0
2019-05-29 00:00:00-04:00,300100.0,300810.0,298070.0,299860.0
2019-05-30 00:00:00-04:00,300025.0,301662.0,300025.0,300877.0
2019-05-31 00:00:00-04:00,298000.0,299339.0,296800.0,297060.0
2019-06-03 00:00:00-04:00,297000.0,299775.0,296623.0,299742.0
2019-06-04 00:00:00-04:00,301790.0,304000.0,301500.0,304000.0
2019-06-05 00:00:00-04:00,305300.0,306543.0,303400.0,306400.0
2019-06-06 00:00:00-04:00,305800.0,308566.0,305200.0,307900.0
2019-06-07 00:00:00-04:00,310000.0,310500.0,308940.0,309265.0
2019-06-10 00:00:00-04:00,310460.0,312500.0,310280.0,311524.0
2019-06-11 00:00:00-04:00,313190.0,313600.0,309315.0,310238.0
2019-06-12 00:00:00-04:00,309250.0,310086.0,306465.0,307196.0
2019-06-13 00:00:00-04:00,307000.0,308550.0,306795.0,307445.0
2019-06-14 00:00:00-04:00,306695.0,308800.0,306320.0,308206.0
2019-06-17 00:00:00-04:00,308206.0,308206.0,305000.0,305480.0
2019-06-18 00:00:00-04:00,306915.0,309800.0,306410.0,308885.0
2019-06-19 00:00:00-04:00,309740.0,312450.0,309550.0,310966.0
2019-06-20 00:00:00-04:00,312600.0,313000.0,309120.0,312900.0
2019-06-21 00:00:00-04:00,311378.0,313100.0,309000.0,309000.0
2019-06-24 00:00:00-04:00,309000.0,311300.0,309000.0,310650.0
2019-06-25 00:00:00-04:00,310500.0,312700.0,309513.0,312700.0
2019-06-26 00:00:00-04:00,312385.0,315000.0,312350.0,312705.0
2019-06-27 00:00:00-04:00,313200.0,318750.0,313200.0,318285.0
2019-06-28 00:00:00-04:00,319400.0,319960.0,317107.0,318350.0
2019-07-01 00:00:00-04:00,321032.0,322700.0,319943.0,321891.0
2019-07-02 00:00:00-04:00,320600.0,323250.0,320413.0,321515.0
2019-07-03 00:00:00-04:00,321815.0,322900.0,319120.0,322900.0
2019-07-05 00:00:00-04:00,322600.0,323642.0,320918.0,323149.0
2019-07-08 00:00:00-04:00,321400.0,323567.0,320974.0,322451.0
2019-07-09 00:00:00-04:00,321000.0,322347.0,319500.0,322200.0
2019-07-10 00:00:00-04:00,322500.0,324711.0,320591.0,320591.0
2019-07-11 00:00:00-04:00,320905.0,321883.0,319453.0,319837.0
2019-07-12 00:00:00-04:00,319750.0,321093.0,318832.0,321093.0
2019-07-15 00:00:00-04:00,321500.0,321500.0,319455.0,320300.0
2019-07-16 00:00:00-04:00,321040.0,322300.0,319250.0,319273.0
2019-07-17 00:00:00-04:00,318325.0,318500.0,311115.0,311600.0
2019-07-18 00:00:00-04:00,310770.0,313595.0,310770.0,312003.0
2019-07-19 00:00:00-04:00,312600.0,312875.0,309200.0,309218.0
2019-07-22 00:00:00-04:00,308500.0,309500.0,306623.0,307135.0
2019-07-23 00:00:00-04:00,309192.0,309850.0,307600.0,309340.0
2019-07-24 00:00:00-04:00,308750.0,312000.0,308675.0,312000.0
2019-07-25 00:00:00-04:00,312000.0,312290.0,309980.0,310750.0
2019-07-26 00:00:00-04:00,310977.0,315000.0,310275.0,315000.0
2019-07-29 00:00:00-04:00,314833.0,314833.0,312977.0,313529.0
2019-07-30 00:00:00-04:00,311650.0,312822.0,310805.0,312430.0
2019-07-31 00:00:00-04:00,312000.0,314390.0,308666.0,308666.0
2019-08-01 00:00:00-04:00,310250.0,311000.0,303200.0,303660.0
2019-08-02 00:00:00-04:00,304170.0,306960.0,300132.0,306000.0
2019-08-05 00:00:00-04:00,300150.0,302490.0,297500.0,297785.0
2019-08-06 00:00:00-04:00,300000.0,316000.0,298255.0,302325.0
2019-08-07 00:00:00-04:00,298000.0,300196.0,294511.0,299182.0
2019-08-08 00:00:00-04:00,300000.0,302409.0,298700.0,301905.0
2019-08-09 00:00:00-04:00,301000.0,301910.0,298110.0,300435.0
2019-08-12 00:00:00-04:00,297850.0,300673.0,297100.0,298001.0
2019-08-13 00:00:00-04:00,297799.0,302828.0,297250.0,299510.0
2019-08-14 00:00:00-04:00,296100.0,296850.0,295000.0,295000.0
2019-08-15 00:00:00-04:00,296600.0,299500.0,296076.0,298067.0
2019-08-16 00:00:00-04:00,300260.0,301743.0,298687.0,300555.0
2019-08-19 00:00:00-04:00,305000.0,305000.0,301055.0,301414.0
2019-08-20 00:00:00-04:00,300700.0,301045.0,297505.0,297505.0
2019-08-21 00:00:00-04:00,298700.0,300100.0,298567.0,299305.0
2019-08-22 00:00:00-04:00,300000.0,302801.0,300000.0,302260.0
2019-08-23 00:00:00-04:00,300200.0,301200.0,295405.0,296922.0
2019-08-26 00:00:00-04:00,298100.0,300899.0,297540.0,300899.0
2019-08-27 00:00:00-04:00,300821.0,302000.0,298000.0,298420.0
2019-08-28 00:00:00-04:00,297955.0,301300.0,297387.0,300990.0
2019-08-29 00:00:00-04:00,303400.0,305975.0,303100.0,305040.0
2019-08-30 00:00:00-04:00,306750.0,306829.0,303078.0,303078.0
2019-09-03 00:00:00-04:00,302200.0,302920.0,300731.0,301356.0
2019-09-04 00:00:00-04:00,304200.0,304419.0,302500.0,303300.0
2019-09-05 00:00:00-04:00,306000.0,309200.0,306000.0,306066.0
2019-09-06 00:00:00-04:00,307250.0,307775.0,306000.0,307260.0
2019-09-09 00:00:00-04:00,308799.0,311626.0,308799.0,309701.0
2019-09-10 00:00:00-04:00,311100.0,312300.0,309400.0,311950.0
2019-09-11 00:00:00-04:00,312250.0,316500.0,311575.0,316230.0
2019-09-12 00:00:00-04:00,316970.0,319200.0,316675.0,317182.0
2019-09-13 00:00:00-04:00,319000.0,321833.0,318400.0,320850.0
2019-09-16 00:00:00-04:00,318101.0,318101.0,315345.0,315807.0
2019-09-17 00:00:00-04:00,315807.0,316666.0,313220.0,315744.0
2019-09-18 00:00:00-04:00,313950.0,317030.0,313950.0,317030.0
2019-09-19 00:00:00-04:00,316400.0,317100.0,313500.0,315000.0
2019-09-20 00:00:00-04:00,315000.0,315000.0,311500.0,313700.0
2019-09-23 00:00:00-04:00,311150.0,313235.0,309971.0,313225.0
2019-09-24 00:00:00-04:00,312000.0,313423.0,308885.0,310356.0
2019-09-25 00:00:00-04:00,309750.0,312330.0,309700.0,311906.0
2019-09-26 00:00:00-04:00,311906.0,311906.0,309671.0,310250.0
2019-09-27 00:00:00-04:00,311880.0,312325.0,310055.0,311450.0
2019-09-30 00:00:00-04:00,311450.0,312970.0,311390.0,311832.0
2019-10-01 00:00:00-04:00,313100.0,314605.0,309830.0,310005.0
2019-10-02 00:00:00-04:00,308600.0,308600.0,303665.0,305090.0
2019-10-03 00:00:00-04:00,304585.0,307600.0,302260.0,307250.0
2019-10-04 00:00:00-04:00,307887.0,312524.0,307887.0,312524.0
2019-10-07 00:00:00-04:00,311000.0,312360.0,309555.0,310720.0
2019-10-08 00:00:00-04:00,309400.0,309400.0,306040.0,306539.0
2019-10-09 00:00:00-04:00,307660.0,310815.0,307133.0,310000.0
2019-10-10 00:00:00-04:00,309700.0,312120.0,309540.0,309974.0
2019-10-11 00:00:00-04:00,313270.0,315000.0,312120.0,312500.0
2019-10-14 00:00:00-04:00,311700.0,311971.0,310500.0,311640.0
2019-10-15 00:00:00-04:00,311583.0,315287.0,311567.0,314250.0
2019-10-16 00:00:00-04:00,312725.0,314925.0,312725.0,313850.0
2019-10-17 00:00:00-04:00,313640.0,314900.0,312970.0,313200.0
2019-10-18 00:00:00-04:00,312807.0,314400.0,312595.0,313270.0
2019-10-21 00:00:00-04:00,315275.0,317133.0,315275.0,317040.0
2019-10-22 00:00:00-04:00,316300.0,317867.0,315888.0,316180.0
2019-10-23 00:00:00-04:00,316000.0,316560.0,314398.0,316560.0
2019-10-24 00:00:00-04:00,315250.0,316855.0,314619.0,315027.0
2019-10-25 00:00:00-04:00,315250.0,318419.0,315250.0,317495.0
2019-10-28 00:00:00-04:00,318000.0,319923.0,318000.0,319055.0
2019-10-29 00:00:00-04:00,318200.0,319772.0,318000.0,319423.0
2019-10-30 00:00:00-04:00,318735.0,320015.0,317490.0,320000.0
2019-10-31 00:00:00-04:00,319819.0,320500.0,317310.0,318939.0
2019-11-01 00:00:00-04:00,320250.0,324850.0,320000.0,323400.0
2019-11-04 00:00:00-05:00,326850.0,327867.0,325523.0,326800.0
2019-11-05 00:00:00-05:00,328000.0,332500.0,327500.0,331500.0
2019-11-06 00:00:00-05:00,331000.0,333000.0,330500.0,332855.0
2019-11-07 00:00:00-05:00,333720.0,335000.0,332600.0,333860.0
2019-11-08 00:00:00-05:00,333225.0,333234.0,329975.0,331526.0
2019-11-11 00:00:00-05:00,330380.0,331650.0,330380.0,330986.0
2019-11-12 00:00:00-05:00,331850.0,333171.0,330950.0,331106.0
2019-11-13 00:00:00-05:00,329150.0,330025.0,328240.0,329402.0
2019-11-14 00:00:00-05:00,329500.0,329892.0,327120.0,329302.0
2019-11-15 00:00:00-05:00,329400.0,330269.0,328455.0,329405.0
2019-11-18 00:00:00-05:00,330000.0,330500.0,327800.0,329225.0
2019-11-19 00:00:00-05:00,329860.0,329900.0,328315.0,328601.0
2019-11-20 00:00:00-05:00,327600.0,327770.0,324200.0,326712.0
2019-11-21 00:00:00-05:00,326000.0,326703.0,324580.0,325102.0
2019-11-22 00:00:00-05:00,325695.0,326975.0,325305.0,326962.0
2019-11-25 00:00:00-05:00,328000.0,328900.0,327521.0,328301.0
2019-11-26 00:00:00-05:00,328301.0,328794.0,326780.0,328402.0
2019-11-27 00:00:00-05:00,328875.0,330910.0,327720.0,330685.0
2019-11-29 00:00:00-05:00,330424.0,330880.0,329705.0,330495.0
2019-12-02 00:00:00-05:00,330802.0,332008.0,330374.0,330609.0
2019-12-03 00:00:00-05:00,327600.0,328000.0,324900.0,327539.0
2019-12-04 00:00:00-05:00,326782.0,328100.0,326780.0,327501.0
2019-12-05 00:00:00-05:00,328200.0,329799.0,327500.0,329799.0
2019-12-06 00:00:00-05:00,332870.0,334460.0,332600.0,333640.0
2019-12-09 00:00:00-05:00,333640.0,334998.0,331770.0,331904.0
2019-12-10 00:00:00-05:00,331904.0,333005.0,330670.0,332120.0
2019-12-11 00:00:00-05:00,331424.0,333900.0,331424.0,333600.0
2019-12-12 00:00:00-05:00,334330.0,339770.0,334330.0,338800.0
2019-12-13 00:00:00-05:00,337754.0,339704.0,336000.0,338080.0
2019-12-16 00:00:00-05:00,339850.0,341785.0,339313.0,340380.0
2019-12-17 00:00:00-05:00,340807.0,342250.0,339000.0,339000.0
2019-12-18 00:00:00-05:00,340250.0,340646.0,337400.0,337500.0
2019-12-19 00:00:00-05:00,337320.0,338499.0,336065.0,337491.0
2019-12-20 00:00:00-05:00,340219.0,341755.0,338567.0,339850.0
2019-12-23 00:00:00-05:00,339000.0,339850.0,337633.0,338045.0
2019-12-24 00:00:00-05:00,337920.0,338390.0,337649.0,338390.0
2019-12-26 00:00:00-05:00,339725.0,339725.0,338439.0,339650.0
2019-12-27 00:00:00-05:00,339600.0,340550.0,338340.0,338920.0
2019-12-30 00:00:00-05:00,339000.0,339960.0,337025.0,338750.0
2019-12-31 00:00:00-05:00,338750.0,340000.0,337920.0,339590.0
2020-01-02 00:00:00-05:00,341150.0,342261.0,340065.0,342261.0
2020-01-03 00:00:00-05:00,338207.0,341040.0,337755.0,339155.0
2020-01-06 00:00:00-05:00,337750.0,340340.0,337100.0,340210.0
2020-01-07 00:00:00-05:00,340000.0,340000.0,338200.0,338901.0
2020-01-08 00:00:00-05:00,339450.0,341580.0,338850.0,339188.0
2020-01-09 00:00:00-05:00,341100.0,343263.0,340800.0,343263.0
2020-01-10 00:00:00-05:00,342796.0,342850.0,340000.0,340185.0
2020-01-13 00:00:00-05:00,340600.0,342855.0,339560.0,342855.0
2020-01-14 00:00:00-05:00,341101.0,342500.0,340490.0,340706.0
2020-01-15 00:00:00-05:00,340450.0,342950.0,340450.0,342550.0
2020-01-16 00:00:00-05:00,343155.0,345000.0,342806.0,344505.0
2020-01-17 00:00:00-05:00,345000.0,347400.0,344550.0,344970.0
2020-01-21 00:00:00-05:00,345000.0,346700.0,342185.0,342650.0
2020-01-22 00:00:00-05:00,343100.0,345500.0,342680.0,344700.0
2020-01-23 00:00:00-05:00,343596.0,344600.0,341150.0,344414.0
2020-01-24 00:00:00-05:00,342850.0,343520.0,339139.0,340199.0
2020-01-27 00:00:00-05:00,334450.0,335450.0,332000.0,333621.0
2020-01-28 00:00:00-05:00,335600.0,338000.0,335032.0,336000.0
2020-01-29 00:00:00-05:00,336250.0,339400.0,336250.0,336476.0
2020-01-30 00:00:00-05:00,334360.0,342000.0,334360.0,342000.0
2020-01-31 00:00:00-05:00,339855.0,339855.0,335120.0,335996.0
2020-02-03 00:00:00-05:00,338160.0,339450.0,334580.0,334860.0
2020-02-04 00:00:00-05:00,339220.0,340296.0,337280.0,337421.0
2020-02-05 00:00:00-05:00,340400.0,342910.0,340359.0,342615.0
2020-02-06 00:00:00-05:00,344290.0,345000.0,343070.0,344081.0
2020-02-07 00:00:00-05:00,342000.0,342775.0,340345.0,340900.0
2020-02-10 00:00:00-05:00,340904.0,341078.0,338000.0,340361.0
2020-02-11 00:00:00-05:00,342350.0,342350.0,340461.0,340780.0
2020-02-12 00:00:00-05:00,341900.0,343146.0,340404.0,341000.0
2020-02-13 00:00:00-05:00,340500.0,341048.0,338500.0,338500.0
2020-02-14 00:00:00-05:00,339488.0,340600.0,338437.0,340224.0
2020-02-18 00:00:00-05:00,340224.0,341000.0,338000.0,339745.0
2020-02-19 00:00:00-05:00,340656.0,344428.0,340317.0,344000.0
2020-02-20 00:00:00-05:00,343750.0,344642.0,340965.0,342122.0
2020-02-21 00:00:00-05:00,341850.0,344975.0,340600.0,343449.0
2020-02-24 00:00:00-05:00,335000.0,336163.0,330940.0,333190.0
2020-02-25 00:00:00-05:00,333195.0,335000.0,325900.0,328000.0
2020-02-26 00:00:00-05:00,328200.0,330603.0,324301.0,324301.0
2020-02-27 00:00:00-05:00,320480.0,322292.0,312501.0,312619.0
2020-02-28 00:00:00-05:00,304000.0,310337.0,300750.0,309096.0
2020-03-02 00:00:00-05:00,314000.0,327937.0,308100.0,324500.0
2020-03-03 00:00:00-05:00,322550.0,327000.0,310000.0,313914.0
2020-03-04 00:00:00-05:00,321000.0,327246.0,314607.0,326125.0
2020-03-05 00:00:00-05:00,318605.0,318605.0,311250.0,315000.0
2020-03-06 00:00:00-05:00,309000.0,311258.0,304767.0,310894.0
2020-03-09 00:00:00-04:00,292300.0,298670.0,290000.0,290005.0
2020-03-10 00:00:00-04:00,301950.0,304199.0,293500.0,303561.0
2020-03-11 00:00:00-04:00,296550.0,297473.0,290400.0,292130.0
2020-03-12 00:00:00-04:00,276550.0,282000.0,266800.0,272000.0
2020-03-13 00:00:00-04:00,283500.0,295972.0,270210.0,289000.0
2020-03-16 00:00:00-04:00,260000.0,283480.0,260000.0,268000.0
2020-03-17 00:00:00-04:00,275000.0,280619.0,268000.0,280248.0
2020-03-18 00:00:00-04:00,266000.0,270874.0,251101.0,256300.0
2020-03-19 00:00:00-04:00,251100.0,264440.0,250000.0,261690.0
2020-03-20 00:00:00-04:00,265000.0,265000.0,251000.0,257346.0
2020-03-23 00:00:00-04:00,249000.0,250000.0,239440.0,240000.0
2020-03-24 00:00:00-04:00,255226.0,268500.0,254500.0,267090.0
2020-03-25 00:00:00-04:00,269200.0,283325.0,262710.0,270759.0
2020-03-26 00:00:00-04:00,270800.0,277163.0,269500.0,276095.0
2020-03-27 00:00:00-04:00,267600.0,276363.0,265337.0,268126.0
2020-03-30 00:00:00-04:00,269410.0,276000.0,267020.0,274021.0
2020-03-31 00:00:00-04:00,272636.0,279140.0,270845.0,272000.0
2020-04-01 00:00:00-04:00,265900.0,267850.0,261180.0,261250.0
2020-04-02 00:00:00-04:00,262131.0,271475.0,261895.0,271475.0
2020-04-03 00:00:00-04:00,268700.0,270205.0,263242.0,267954.0
2020-04-06 00:00:00-04:00,273001.0,279500.0,271444.0,277260.0
2020-04-07 00:00:00-04:00,285010.0,287000.0,276700.0,276700.0
2020-04-08 00:00:00-04:00,280850.0,287000.0,278280.0,286999.0
2020-04-09 00:00:00-04:00,290950.0,295765.0,287220.0,290500.0
2020-04-13 00:00:00-04:00,290950.0,290950.0,279060.0,282800.0
2020-04-14 00:00:00-04:00,291400.0,291533.0,286393.0,289730.0
2020-04-15 00:00:00-04:00,284500.0,284500.0,281201.0,283750.0
2020-04-16 00:00:00-04:00,283750.0,283751.0,278800.0,282282.0
2020-04-17 00:00:00-04:00,289585.0,289585.0,283600.0,284400.0
2020-04-20 00:00:00-04:00,282200.0,283800.0,281000.0,282800.0
2020-04-21 00:00:00-04:00,275950.0,278610.0,275000.0,275750.0
2020-04-22 00:00:00-04:00,280000.0,280888.0,278000.0,279660.0
2020-04-23 00:00:00-04:00,280000.0,280888.0,277268.0,278750.0
2020-04-24 00:00:00-04:00,280100.0,280130.0,276602.0,279460.0
2020-04-27 00:00:00-04:00,280911.0,284039.0,279855.0,281264.0
2020-04-28 00:00:00-04:00,285400.0,286480.0,280600.0,280600.0
2020-04-29 00:00:00-04:00,286400.0,288888.0,283800.0,284749.0
2020-04-30 00:00:00-04:00,283200.0,284453.0,280280.0,281700.0
2020-05-01 00:00:00-04:00,278121.0,278710.0,272520.0,273975.0
2020-05-04 00:00:00-04:00,270000.0,270000.0,265000.0,267080.0
2020-05-05 00:00:00-04:00,269999.0,270000.0,264280.0,264280.0
2020-05-06 00:00:00-04:00,265000.0,266400.0,259100.0,259100.0
2020-05-07 00:00:00-04:00,260110.0,263710.0,260110.0,260750.0
2020-05-08 00:00:00-04:00,264566.0,266105.0,261990.0,265280.0
2020-05-11 00:00:00-04:00,264320.0,264398.0,260901.0,261601.0
2020-05-12 00:00:00-04:00,262701.0,263800.0,260000.0,260000.0
2020-05-13 00:00:00-04:00,259499.0,259499.0,255000.0,255715.0
2020-05-14 00:00:00-04:00,254000.0,257262.0,250926.0,256230.0
2020-05-15 00:00:00-04:00,254586.0,256100.0,252801.0,253501.0
2020-05-18 00:00:00-04:00,260000.0,265002.0,258511.0,262900.0
2020-05-19 00:00:00-04:00,260800.0,262200.0,258700.0,258700.0
2020-05-20 00:00:00-04:00,261880.0,265130.0,261500.0,264100.0
2020-05-21 00:00:00-04:00,264200.0,264930.0,261641.0,261906.0
2020-05-22 00:00:00-04:00,262000.0,263094.0,259990.0,263094.0
2020-05-26 00:00:00-04:00,269900.0,272500.0,268095.0,270330.0
2020-05-27 00:00:00-04:00,276755.0,279000.0,275850.0,278495.0
2020-05-28 00:00:00-04:00,280899.0,280899.0,276000.0,277035.0
2020-05-29 00:00:00-04:00,275000.0,278640.0,273850.0,278640.0
2020-06-01 00:00:00-04:00,278167.0,278167.0,275000.0,275600.0
2020-06-02 00:00:00-04:00,275601.0,279410.0,275601.0,278560.0
2020-06-03 00:00:00-04:00,283100.0,287370.0,281800.0,286090.0
2020-06-04 00:00:00-04:00,285804.0,288000.0,284377.0,287878.0
2020-06-05 00:00:00-04:00,294505.0,302095.0,294200.0,300920.0
2020-06-08 00:00:00-04:00,303594.0,304990.0,299400.0,302235.0
2020-06-09 00:00:00-04:00,295501.0,298220.0,293799.0,293955.0
2020-06-10 00:00:00-04:00,293900.0,294493.0,287200.0,287200.0
2020-06-11 00:00:00-04:00,277750.0,280280.0,267000.0,267729.0
2020-06-12 00:00:00-04:00,275730.0,276800.0,267593.0,271515.0
2020-06-15 00:00:00-04:00,266400.0,272530.0,264030.0,271956.0
2020-06-16 00:00:00-04:00,279945.0,279945.0,270000.0,273480.0
2020-06-17 00:00:00-04:00,274849.0,275000.0,270870.0,275000.0
2020-06-18 00:00:00-04:00,270500.0,273000.0,269300.0,273000.0
2020-06-19 00:00:00-04:00,274160.0,274429.0,268807.0,271600.0
2020-06-22 00:00:00-04:00,269047.0,272000.0,268200.0,272000.0
2020-06-23 00:00:00-04:00,272750.0,273790.0,271115.0,272700.0
2020-06-24 00:00:00-04:00,269800.0,269800.0,266200.0,266440.0
2020-06-25 00:00:00-04:00,265000.0,269678.0,264611.0,267840.0
2020-06-26 00:00:00-04:00,267500.0,268109.0,262700.0,263400.0
2020-06-29 00:00:00-04:00,264320.0,265803.0,263600.0,265219.0
2020-06-30 00:00:00-04:00,265400.0,268600.0,265067.0,267300.0
2020-07-01 00:00:00-04:00,267600.0,270500.0,266357.0,267020.0
2020-07-02 00:00:00-04:00,270800.0,271500.0,267420.0,267551.0
2020-07-06 00:00:00-04:00,274180.0,275080.0,272600.0,274050.0
2020-07-07 00:00:00-04:00,272830.0,273870.0,271057.0,271640.0
2020-07-08 00:00:00-04:00,271000.0,273664.0,270076.0,271770.0
2020-07-09 00:00:00-04:00,271770.0,272220.0,267307.0,268780.0
2020-07-10 00:00:00-04:00,268238.0,274450.0,268000.0,273900.0
2020-07-13 00:00:00-04:00,275540.0,278640.0,275100.0,276015.0
2020-07-14 00:00:00-04:00,274000.0,285000.0,274000.0,284780.0
2020-07-15 00:00:00-04:00,289500.0,289730.0,283620.0,285520.0
2020-07-16 00:00:00-04:00,282560.0,287770.0,282560.0,286271.0
2020-07-17 00:00:00-04:00,287540.0,288170.0,285972.0,286140.0
2020-07-20 00:00:00-04:00,285400.0,286900.0,284450.0,285590.0
2020-07-21 00:00:00-04:00,286721.0,290170.0,286600.0,288201.0
2020-07-22 00:00:00-04:00,287000.0,288319.0,286211.0,287961.0
2020-07-23 00:00:00-04:00,287961.0,290084.0,287436.0,289436.0
2020-07-24 00:00:00-04:00,290684.0,294254.0,290521.0,291621.0
2020-07-27 00:00:00-04:00,290590.0,290692.0,287850.0,288107.0
2020-07-28 00:00:00-04:00,286000.0,291720.0,286000.0,290940.0
2020-07-29 00:00:00-04:00,290940.0,294870.0,290940.0,294496.0
2020-07-30 00:00:00-04:00,290335.0,291927.0,288610.0,291362.0
2020-07-31 00:00:00-04:00,291750.0,293798.0,290150.0,293631.0
2020-08-03 00:00:00-04:00,295000.0,301000.0,294510.0,298800.0
2020-08-04 00:00:00-04:00,298000.0,300330.0,297470.0,300330.0
2020-08-05 00:00:00-04:00,301871.0,306970.0,301200.0,305200.0
2020-08-06 00:00:00-04:00,305000.0,308000.0,304820.0,307455.0
2020-08-07 00:00:00-04:00,305681.0,314365.0,305681.0,314334.0
2020-08-10 00:00:00-04:00,316820.0,319250.0,314240.0,318830.0
2020-08-11 00:00:00-04:00,322500.0,323500.0,318500.0,319380.0
2020-08-12 00:00:00-04:00,320255.0,321229.0,318801.0,320000.0
2020-08-13 00:00:00-04:00,318500.0,319810.0,317471.0,318114.0
2020-08-14 00:00:00-04:00,317300.0,318000.0,315402.0,316251.0
2020-08-17 00:00:00-04:00,315139.0,315500.0,309747.0,310220.0
2020-08-18 00:00:00-04:00,310910.0,314800.0,310700.0,313419.0
2020-08-19 00:00:00-04:00,313745.0,315300.0,310412.0,310800.0
2020-08-20 00:00:00-04:00,307376.0,310107.0,307376.0,309300.0
2020-08-21 00:00:00-04:00,309000.0,312600.0,309000.0,311126.0
2020-08-24 00:00:00-04:00,315100.0,320000.0,314501.0,318800.0
2020-08-25 00:00:00-04:00,320300.0,321001.0,319534.0,319970.0
2020-08-26 00:00:00-04:00,319600.0,323939.0,318900.0,322301.0
2020-08-27 00:00:00-04:00,323700.0,327000.0,323700.0,325659.0
2020-08-28 00:00:00-04:00,325950.0,328279.0,323570.0,327431.0
2020-08-31 00:00:00-04:00,327500.0,329299.0,326900.0,327560.0
2020-09-01 00:00:00-04:00,325500.0,327560.0,325336.0,327440.0
2020-09-02 00:00:00-04:00,328175.0,333010.0,327507.0,332840.0
2020-09-03 00:00:00-04:00,332850.0,334960.0,325522.0,327360.0
2020-09-04 00:00:00-04:00,330000.0,332674.0,323364.0,327401.0
2020-09-08 00:00:00-04:00,324940.0,328859.0,323431.0,327200.0
2020-09-09 00:00:00-04:00,328500.0,332482.0,328175.0,329760.0
2020-09-10 00:00:00-04:00,330200.0,331000.0,326156.0,327214.0
2020-09-11 00:00:00-04:00,328240.0,328946.0,325607.0,327115.0
2020-09-14 00:00:00-04:00,328430.0,332000.0,327521.0,329725.0
2020-09-15 00:00:00-04:00,330545.0,332500.0,328016.0,328804.0
2020-09-16 00:00:00-04:00,331000.0,333300.0,329312.0,329801.0
2020-09-17 00:00:00-04:00,327000.0,328225.0,325234.0,326401.0
2020-09-18 00:00:00-04:00,328300.0,331660.0,327000.0,327601.0
2020-09-21 00:00:00-04:00,321266.0,323000.0,313580.0,319534.0
2020-09-22 00:00:00-04:00,320500.0,322000.0,318017.0,320601.0
2020-09-23 00:00:00-04:00,321485.0,322284.0,314540.0,314840.0
2020-09-24 00:00:00-04:00,313203.0,315500.0,310644.0,313780.0
2020-09-25 00:00:00-04:00,311450.0,316562.0,310591.0,315156.0
2020-09-28 00:00:00-04:00,319900.0,323297.0,318702.0,320061.0
2020-09-29 00:00:00-04:00,321900.0,321900.0,315200.0,315891.0
2020-09-30 00:00:00-04:00,318800.0,320500.0,316491.0,320001.0
2020-10-01 00:00:00-04:00,321219.0,321219.0,316203.0,318600.0
2020-10-02 00:00:00-04:00,315415.0,320575.0,314612.0,317480.0
2020-10-05 00:00:00-04:00,319707.0,321000.0,318202.0,319000.0
2020-10-06 00:00:00-04:00,319000.0,320400.0,315100.0,315350.0
2020-10-07 00:00:00-04:00,319000.0,322089.0,317602.0,319571.0
2020-10-08 00:00:00-04:00,321125.0,323670.0,320447.0,323275.0
2020-10-09 00:00:00-04:00,323709.0,324537.0,321687.0,323470.0
2020-10-12 00:00:00-04:00,324650.0,326150.0,323378.0,324560.0
2020-10-13 00:00:00-04:00,324000.0,324000.0,318400.0,318969.0
2020-10-14 00:00:00-04:00,319088.0,319088.0,316080.0,316080.0
2020-10-15 00:00:00-04:00,314750.0,318200.0,312980.0,317540.0
2020-10-16 00:00:00-04:00,319000.0,320761.0,318217.0,318504.0
2020-10-19 00:00:00-04:00,318819.0,318819.0,312945.0,313500.0
2020-10-20 00:00:00-04:00,316184.0,317280.0,314621.0,315375.0
2020-10-21 00:00:00-04:00,313500.0,317500.0,313450.0,315206.0
2020-10-22 00:00:00-04:00,314680.0,317619.0,314380.0,317180.0
2020-10-23 00:00:00-04:00,318672.0,320999.0,317991.0,319344.0
2020-10-26 00:00:00-04:00,314850.0,315500.0,311100.0,312735.0
2020-10-27 00:00:00-04:00,311630.0,313142.0,310540.0,310540.0
2020-10-28 00:00:00-04:00,304720.0,305995.0,300090.0,301740.0
2020-10-29 00:00:00-04:00,300420.0,304907.0,297817.0,303000.0
2020-10-30 00:00:00-04:00,300060.0,303700.0,298806.0,302500.0
2020-11-02 00:00:00-05:00,307500.0,309542.0,305242.0,306375.0
2020-11-03 00:00:00-05:00,312300.0,314780.0,310000.0,310659.0
2020-11-04 00:00:00-05:00,310194.0,315300.0,307830.0,309503.0
2020-11-05 00:00:00-05:00,314269.0,316426.0,311284.0,311934.0
2020-11-06 00:00:00-05:00,312250.0,315310.0,311917.0,313885.0
2020-11-09 00:00:00-05:00,333000.0,337600.0,327033.0,330600.0
2020-11-10 00:00:00-05:00,332000.0,343000.0,331977.0,343000.0
2020-11-11 00:00:00-05:00,342433.0,343705.0,338224.0,341260.0
2020-11-12 00:00:00-05:00,337800.0,338339.0,335186.0,336811.0
2020-11-13 00:00:00-05:00,338000.0,342269.0,338000.0,341754.0
2020-11-16 00:00:00-05:00,345000.0,350000.0,344846.0,349540.0
2020-11-17 00:00:00-05:00,347000.0,352500.0,345417.0,349546.0
2020-11-18 00:00:00-05:00,351900.0,351900.0,345500.0,345592.0
2020-11-19 00:00:00-05:00,343634.0,345000.0,341897.0,345000.0
2020-11-20 00:00:00-05:00,343800.0,344849.0,340728.0,341339.0
2020-11-23 00:00:00-05:00,343500.0,345733.0,342380.0,344415.0
2020-11-24 00:00:00-05:00,349580.0,352450.0,347310.0,351101.0
2020-11-25 00:00:00-05:00,350939.0,351000.0,348446.0,350395.0
2020-11-27 00:00:00-05:00,350444.0,351040.0,346200.0,347401.0
2020-11-30 00:00:00-05:00,346000.0,346299.0,342672.0,343688.0
2020-12-01 00:00:00-05:00,346480.0,348272.0,344479.0,344735.0
2020-12-02 00:00:00-05:00,344300.0,345929.0,342900.0,345880.0
2020-12-03 00:00:00-05:00,345500.0,347300.0,343602.0,346690.0
2020-12-04 00:00:00-05:00,347000.0,348000.0,345900.0,347000.0
2020-12-07 00:00:00-05:00,344785.0,345500.0,342600.0,343539.0
2020-12-08 00:00:00-05:00,341888.0,343191.0,340126.0,342281.0
2020-12-09 00:00:00-05:00,342526.0,343000.0,340300.0,340501.0
2020-12-10 00:00:00-05:00,339750.0,341942.0,339061.0,340500.0
2020-12-11 00:00:00-05:00,338440.0,340415.0,337167.0,340064.0
2020-12-14 00:00:00-05:00,342200.0,342200.0,334041.0,335400.0
2020-12-15 00:00:00-05:00,336494.0,338920.0,334643.0,337154.0
2020-12-16 00:00:00-05:00,337154.0,338559.0,333333.0,338500.0
2020-12-17 00:00:00-05:00,335000.0,339804.0,333150.0,339804.0
2020-12-18 00:00:00-05:00,338000.0,338468.0,333865.0,337900.0
2020-12-21 00:00:00-05:00,333650.0,338419.0,333650.0,338419.0
2020-12-22 00:00:00-05:00,335535.0,336615.0,334500.0,335779.0
2020-12-23 00:00:00-05:00,336400.0,338533.0,336400.0,336700.0
2020-12-24 00:00:00-05:00,337000.0,341000.0,337000.0,340262.0
2020-12-28 00:00:00-05:00,342000.0,345250.0,341445.0,342601.0
2020-12-29 00:00:00-05:00,345144.0,346677.0,343975.0,344820.0
2020-12-30 00:00:00-05:00,344410.0,346111.0,343917.0,345095.0
2020-12-31 00:00:00-05:00,344302.0,348500.0,343806.0,347815.0
2021-01-04 00:00:00-05:00,347825.0,347825.0,340816.0,343525.0
2021-01-05 00:00:00-05:00,343900.0,344715.0,340850.0,341820.0
2021-01-06 00:00:00-05:00,343000.0,349000.0,342000.0,346189.0
2021-01-07 00:00:00-05:00,347900.0,351000.0,347120.0,350089.0
2021-01-08 00:00:00-05:00,350500.0,352039.0,348100.0,352039.0
2021-01-11 00:00:00-05:00,348100.0,351141.0,348073.0,350050.0
2021-01-12 00:00:00-05:00,350050.0,351250.0,348250.0,350460.0
2021-01-13 00:00:00-05:00,349147.0,353194.0,348140.0,353194.0
2021-01-14 00:00:00-05:00,353100.0,353698.0,351574.0,352801.0
2021-01-15 00:00:00-05:00,350540.0,352500.0,348500.0,350320.0
2021-01-19 00:00:00-05:00,351177.0,354837.0,348070.0,352474.0
2021-01-20 00:00:00-05:00,351975.0,353350.0,350639.0,352801.0
2021-01-21 00:00:00-05:00,354200.0,354835.0,352400.0,354000.0
2021-01-22 00:00:00-05:00,351800.0,351800.0,349500.0,350620.0
2021-01-25 00:00:00-05:00,349000.0,352085.0,347250.0,351900.0
2021-01-26 00:00:00-05:00,350191.0,351800.0,349025.0,349200.0
2021-01-27 00:00:00-05:00,346145.0,346645.0,341119.0,343450.0
2021-01-28 00:00:00-05:00,344340.0,351976.0,344340.0,348220.0
2021-01-29 00:00:00-05:00,344749.0,346355.0,343000.0,344100.0
2021-02-01 00:00:00-05:00,345000.0,346945.0,344250.0,346175.0
2021-02-02 00:00:00-05:00,348300.0,352000.0,348300.0,350201.0
2021-02-03 00:00:00-05:00,350200.0,351086.0,349250.0,350701.0
2021-02-04 00:00:00-05:00,351700.0,355000.0,351192.0,354760.0
2021-02-05 00:00:00-05:00,355750.0,356500.0,353846.0,354401.0
2021-02-08 00:00:00-05:00,355000.0,357100.0,354401.0,357100.0
2021-02-09 00:00:00-05:00,356588.0,362395.0,355021.0,362200.0
2021-02-10 00:00:00-05:00,363145.0,363232.0,360556.0,361290.0
2021-02-11 00:00:00-05:00,361061.0,362300.0,360109.0,361650.0
2021-02-12 00:00:00-05:00,359750.0,365725.0,359750.0,365000.0
2021-02-16 00:00:00-05:00,367658.0,372661.0,366000.0,369333.0
2021-02-17 00:00:00-05:00,368560.0,370873.0,368560.0,370500.0
2021-02-18 00:00:00-05:00,368885.0,370000.0,364760.0,367400.0
2021-02-19 00:00:00-05:00,368865.0,369334.0,364000.0,364400.0
2021-02-22 00:00:00-05:00,363380.0,371000.0,362860.0,369250.0
2021-02-23 00:00:00-05:00,370488.0,371800.0,367236.0,371055.0
2021-02-24 00:00:00-05:00,371183.0,376315.0,371123.0,375000.0
2021-02-25 00:00:00-05:00,375233.0,377357.0,366401.0,367800.0
2021-02-26 00:00:00-05:00,370220.0,374490.0,363680.0,364580.0
2021-03-01 00:00:00-05:00,372555.0,378523.0,372176.0,377755.0
2021-03-02 00:00:00-05:00,378323.0,380000.0,376933.0,377835.0
2021-03-03 00:00:00-05:00,377573.0,385000.0,377500.0,381680.0
2021-03-04 00:00:00-05:00,380443.0,382254.0,368430.0,370240.0
2021-03-05 00:00:00-05:00,375823.0,383500.0,373595.0,381600.0
2021-03-08 00:00:00-05:00,385571.0,391853.0,383700.0,388560.0
2021-03-09 00:00:00-05:00,391168.0,397400.0,385800.0,391460.0
2021-03-10 00:00:00-05:00,394113.0,407750.0,392015.0,398840.0
2021-03-11 00:00:00-05:00,402495.0,402503.0,395062.0,396399.0
2021-03-12 00:00:00-05:00,397900.0,401171.0,394701.0,394701.0
2021-03-15 00:00:00-04:00,395785.0,395890.0,385131.0,386400.0
2021-03-16 00:00:00-04:00,387095.0,387155.0,379212.0,382720.0
2021-03-17 00:00:00-04:00,382530.0,385832.0,380685.0,381501.0
2021-03-18 00:00:00-04:00,384998.0,388630.0,381000.0,383525.0
2021-03-19 00:00:00-04:00,382320.0,383613.0,377500.0,382698.0
2021-03-22 00:00:00-04:00,381808.0,382352.0,378393.0,380403.0
2021-03-23 00:00:00-04:00,379062.0,382000.0,376077.0,377440.0
2021-03-24 00:00:00-04:00,379202.0,382155.0,377520.0,378000.0
2021-03-25 00:00:00-04:00,378035.0,382600.0,374483.0,378700.0
2021-03-26 00:00:00-04:00,383298.0,390000.0,381382.0,387995.0
2021-03-29 00:00:00-04:00,384053.0,393484.0,383923.0,391540.0
2021-03-30 00:00:00-04:00,393665.0,394300.0,388811.0,390360.0
2021-03-31 00:00:00-04:00,388813.0,390300.0,385702.0,385702.0
2021-04-01 00:00:00-04:00,387979.0,390984.0,385702.0,390360.0
2021-04-05 00:00:00-04:00,392700.0,396770.0,392400.0,395535.0
2021-04-06 00:00:00-04:00,395913.0,397890.0,394838.0,396900.0
2021-04-07 00:00:00-04:00,395730.0,398000.0,394500.0,395888.0
2021-04-08 00:00:00-04:00,395476.0,396985.0,393973.0,396001.0
2021-04-09 00:00:00-04:00,397126.0,400000.0,396122.0,400000.0
2021-04-12 00:00:00-04:00,401426.0,403421.0,400734.0,402620.0
2021-04-13 00:00:00-04:00,401668.0,403474.0,400372.0,402500.0
2021-04-14 00:00:00-04:00,402789.0,404150.0,402000.0,403000.0
2021-04-15 00:00:00-04:00,403338.0,404999.0,400835.0,404789.0
2021-04-16 00:00:00-04:00,405752.0,410400.0,405752.0,409250.0
2021-04-19 00:00:00-04:00,410748.0,410748.0,404676.0,406505.0
2021-04-20 00:00:00-04:00,404610.0,405340.0,401749.0,403089.0
2021-04-21 00:00:00-04:00,403656.0,410165.0,403603.0,410153.0
2021-04-22 00:00:00-04:00,409935.0,410000.0,405256.0,405901.0
2021-04-23 00:00:00-04:00,407088.0,410738.0,406611.0,408840.0
2021-04-26 00:00:00-04:00,410493.0,412474.0,407250.0,407527.0
2021-04-27 00:00:00-04:00,408144.0,412229.0,406482.0,411400.0
2021-04-28 00:00:00-04:00,410514.0,411811.0,409355.0,410988.0
2021-04-29 00:00:00-04:00,412758.0,417905.0,412000.0,417905.0
2021-04-30 00:00:00-04:00,415438.0,417144.0,412000.0,412500.0
2021-05-03 00:00:00-04:00,418962.0,422648.0,417272.0,420000.0
2021-05-04 00:00:00-04:00,419095.0,421850.0,410850.0,421420.0
2021-05-05 00:00:00-04:00,425220.0,427435.0,424306.0,424840.0
2021-05-06 00:00:00-04:00,426700.0,435744.0,426700.0,435120.0
2021-05-07 00:00:00-04:00,436188.0,445000.0,432827.0,437131.0
2021-05-10 00:00:00-04:00,439132.0,443275.0,439132.0,439460.0
2021-05-11 00:00:00-04:00,435581.0,436871.0,427913.0,430258.0
2021-05-12 00:00:00-04:00,428607.0,431200.0,423077.0,425308.0
2021-05-13 00:00:00-04:00,425536.0,433541.0,424100.0,430640.0
2021-05-14 00:00:00-04:00,433996.0,437413.0,433996.0,437260.0
2021-05-17 00:00:00-04:00,435915.0,436131.0,432747.0,434324.0
2021-05-18 00:00:00-04:00,435440.0,435960.0,431767.0,431767.0
2021-05-19 00:00:00-04:00,426931.0,430720.0,424575.0,430720.0
2021-05-20 00:00:00-04:00,432773.0,435000.0,429880.0,431422.0
2021-05-21 00:00:00-04:00,431656.0,435200.0,431000.0,432469.0
2021-05-24 00:00:00-04:00,435273.0,437001.0,433287.0,435431.0
2021-05-25 00:00:00-04:00,437298.0,438445.0,431784.0,432274.0
2021-05-26 00:00:00-04:00,434366.0,434366.0,429765.0,432800.0
2021-05-27 00:00:00-04:00,433250.0,436000.0,431175.0,435420.0
2021-05-28 00:00:00-04:00,435623.0,436430.0,433637.0,436000.0
2021-06-01 00:00:00-04:00,438718.0,439100.0,434255.0,435304.0
2021-06-02 00:00:00-04:00,437556.0,437950.0,434647.0,435639.0
2021-06-03 00:00:00-04:00,433050.0,440158.0,433050.0,438745.0
2021-06-04 00:00:00-04:00,441063.0,441063.0,437769.0,439016.0
2021-06-07 00:00:00-04:00,440598.0,440598.0,433962.0,434611.0
2021-06-08 00:00:00-04:00,435393.0,435458.0,429260.0,434510.0
2021-06-09 00:00:00-04:00,434718.0,435750.0,431310.0,433125.0
2021-06-10 00:00:00-04:00,435120.0,436618.0,427156.0,427156.0
2021-06-11 00:00:00-04:00,428558.0,431351.0,428000.0,430282.0
2021-06-14 00:00:00-04:00,430407.0,430407.0,423242.0,425880.0
2021-06-15 00:00:00-04:00,427440.0,427852.0,424614.0,426045.0
2021-06-16 00:00:00-04:00,425495.0,427584.0,422457.0,425645.0
2021-06-17 00:00:00-04:00,426946.0,427231.0,417025.0,420359.0
2021-06-18 00:00:00-04:00,415847.0,416335.0,409701.0,412729.0
2021-06-21 00:00:00-04:00,414843.0,419177.0,414044.0,417780.0
2021-06-22 00:00:00-04:00,418010.0,418875.0,415126.0,418875.0
2021-06-23 00:00:00-04:00,416750.0,417000.0,413485.0,413890.0
2021-06-24 00:00:00-04:00,414781.0,416864.0,413187.0,415000.0
2021-06-25 00:00:00-04:00,417416.0,420389.0,414967.0,419134.0
2021-06-28 00:00:00-04:00,420421.0,420965.0,415200.0,416304.0
2021-06-29 00:00:00-04:00,417100.0,418868.0,414945.0,417000.0
2021-06-30 00:00:00-04:00,415236.0,419265.0,415100.0,418601.0
2021-07-01 00:00:00-04:00,418708.0,421491.0,417270.0,421005.0
2021-07-02 00:00:00-04:00,423427.0,423427.0,419020.0,420000.0
2021-07-06 00:00:00-04:00,419066.0,419066.0,414000.0,416930.0
2021-07-07 00:00:00-04:00,415581.0,420505.0,415091.0,419401.0
2021-07-08 00:00:00-04:00,416268.0,417572.0,411000.0,411840.0
2021-07-09 00:00:00-04:00,414768.0,422300.0,414463.0,422000.0
2021-07-12 00:00:00-04:00,420711.0,424304.0,418689.0,420937.0
2021-07-13 00:00:00-04:00,421011.0,421525.0,418724.0,419820.0
2021-07-14 00:00:00-04:00,419806.0,422061.0,418000.0,418500.0
2021-07-15 00:00:00-04:00,417336.0,422103.0,417000.0,421350.0
2021-07-16 00:00:00-04:00,421981.0,421981.0,417113.0,417601.0
2021-07-19 00:00:00-04:00,413133.0,414230.0,407773.0,410450.0
2021-07-20 00:00:00-04:00,410308.0,418481.0,409983.0,416244.0
2021-07-21 00:00:00-04:00,418550.0,422688.0,417000.0,420055.0
2021-07-22 00:00:00-04:00,419971.0,420248.0,417650.0,417800.0
2021-07-23 00:00:00-04:00,418856.0,421413.0,418220.0,419000.0
2021-07-26 00:00:00-04:00,418380.0,422000.0,418380.0,419500.0
2021-07-27 00:00:00-04:00,419810.0,423000.0,417135.0,422309.0
2021-07-28 00:00:00-04:00,422250.0,423461.0,418230.0,418975.0
2021-07-29 00:00:00-04:00,419635.0,423209.0,419635.0,420676.0
2021-07-30 00:00:00-04:00,421770.0,422914.0,418105.0,418900.0
2021-08-02 00:00:00-04:00,420985.0,424242.0,418287.0,418695.0
2021-08-03 00:00:00-04:00,420576.0,425000.0,416965.0,423706.0
2021-08-04 00:00:00-04:00,421988.0,422884.0,419743.0,419962.0
2021-08-05 00:00:00-04:00,421358.0,424000.0,419000.0,421306.0
2021-08-06 00:00:00-04:00,424426.0,430160.0,424103.0,430160.0
2021-08-09 00:00:00-04:00,433056.0,434298.0,430486.0,431881.0
2021-08-10 00:00:00-04:00,432690.0,435000.0,430470.0,434610.0
2021-08-11 00:00:00-04:00,434655.0,439163.0,434655.0,438160.0
2021-08-12 00:00:00-04:00,439121.0,439800.0,434846.0,436545.0
2021-08-13 00:00:00-04:00,437935.0,437935.0,432057.0,433124.0
2021-08-16 00:00:00-04:00,432443.0,435657.0,429462.0,435370.0
2021-08-17 00:00:00-04:00,434530.0,437551.0,433136.0,435610.0
2021-08-18 00:00:00-04:00,435175.0,436825.0,430651.0,430651.0
2021-08-19 00:00:00-04:00,428190.0,431976.0,427590.0,428994.0
2021-08-20 00:00:00-04:00,429605.0,430543.0,427862.0,430007.0
2021-08-23 00:00:00-04:00,432025.0,432528.0,425000.0,425000.0
2021-08-24 00:00:00-04:00,430686.0,431800.0,428000.0,430700.0
2021-08-25 00:00:00-04:00,431705.0,434423.0,429585.0,432354.0
2021-08-26 00:00:00-04:00,433588.0,433708.0,428957.0,429715.0
2021-08-27 00:00:00-04:00,429873.0,431500.0,429332.0,430901.0
2021-08-30 00:00:00-04:00,431060.0,431949.0,429134.0,429720.0
2021-08-31 00:00:00-04:00,429405.0,431000.0,428706.0,429900.0
2021-09-01 00:00:00-04:00,431181.0,433720.0,429000.0,430000.0
2021-09-02 00:00:00-04:00,429606.0,431317.0,428000.0,428640.0
2021-09-03 00:00:00-04:00,428825.0,428825.0,424201.0,424201.0
2021-09-07 00:00:00-04:00,424688.0,428103.0,419500.0,419851.0
2021-09-08 00:00:00-04:00,419733.0,421456.0,417925.0,420719.0
2021-09-09 00:00:00-04:00,420270.0,421490.0,419136.0,420285.0
2021-09-10 00:00:00-04:00,421028.0,421291.0,417942.0,417954.0
2021-09-13 00:00:00-04:00,418510.0,422523.0,417687.0,420801.0
2021-09-14 00:00:00-04:00,422300.0,422500.0,416050.0,416996.0
2021-09-15 00:00:00-04:00,417358.0,419998.0,416629.0,419785.0
2021-09-16 00:00:00-04:00,420170.0,420800.0,416215.0,419120.0
2021-09-17 00:00:00-04:00,418705.0,421124.0,415000.0,416400.0
2021-09-20 00:00:00-04:00,411704.0,416000.0,409000.0,416000.0
2021-09-21 00:00:00-04:00,416571.0,416571.0,411281.0,412802.0
2021-09-22 00:00:00-04:00,415671.0,416762.0,411920.0,412081.0
2021-09-23 00:00:00-04:00,414298.0,420949.0,413700.0,418390.0
2021-09-24 00:00:00-04:00,418475.0,420090.0,417561.0,418101.0
2021-09-27 00:00:00-04:00,419638.0,422203.0,418928.0,420791.0
2021-09-28 00:00:00-04:00,419976.0,423225.0,415395.0,416580.0
2021-09-29 00:00:00-04:00,417200.0,419719.0,415301.0,417165.0
2021-09-30 00:00:00-04:00,419311.0,419735.0,411005.0,411379.0
2021-10-01 00:00:00-04:00,412915.0,417653.0,410099.0,414878.0
2021-10-04 00:00:00-04:00,415146.0,416804.0,411286.0,412540.0
2021-10-05 00:00:00-04:00,413313.0,420959.0,411659.0,418539.0
2021-10-06 00:00:00-04:00,416406.0,421900.0,413662.0,421900.0
2021-10-07 00:00:00-04:00,424999.0,428655.0,423516.0,425431.0
2021-10-08 00:00:00-04:00,425643.0,428479.0,424000.0,427765.0
2021-10-11 00:00:00-04:00,427172.0,429786.0,423000.0,423000.0
2021-10-12 00:00:00-04:00,423252.0,424859.0,419000.0,419596.0
2021-10-13 00:00:00-04:00,417906.0,422180.0,415265.0,418402.0
2021-10-14 00:00:00-04:00,420866.0,427379.0,420750.0,423648.0
2021-10-15 00:00:00-04:00,429300.0,429300.0,424945.0,427701.0
2021-10-18 00:00:00-04:00,428950.0,428950.0,424001.0,426189.0
2021-10-19 00:00:00-04:00,429335.0,429500.0,425841.0,428105.0
2021-10-20 00:00:00-04:00,428113.0,433000.0,426111.0,432495.0
2021-10-21 00:00:00-04:00,432689.0,434800.0,429436.0,431680.0
2021-10-22 00:00:00-04:00,431720.0,436203.0,429715.0,435722.0
2021-10-25 00:00:00-04:00,435963.0,437145.0,433064.0,436401.0
2021-10-26 00:00:00-04:00,437165.0,439850.0,435446.0,437890.0
2021-10-27 00:00:00-04:00,437527.0,439229.0,433050.0,433050.0
2021-10-28 00:00:00-04:00,434703.0,436874.0,432516.0,436250.0
2021-10-29 00:00:00-04:00,435053.0,436512.0,431714.0,432902.0
2021-11-01 00:00:00-04:00,434513.0,435900.0,430522.0,430944.0
2021-11-02 00:00:00-04:00,434440.0,434654.0,429800.0,434245.0
2021-11-03 00:00:00-04:00,433425.0,435140.0,431164.0,435020.0
2021-11-04 00:00:00-04:00,436463.0,438299.0,429880.0,433102.0
2021-11-05 00:00:00-04:00,434887.0,437749.0,432114.0,434000.0
2021-11-08 00:00:00-05:00,439649.0,445000.0,434752.0,435200.0
2021-11-09 00:00:00-05:00,435345.0,437240.0,430099.0,431680.0
2021-11-10 00:00:00-05:00,431420.0,433409.0,428940.0,430602.0
2021-11-11 00:00:00-05:00,431800.0,434399.0,428694.0,429202.0
2021-11-12 00:00:00-05:00,432614.0,432899.0,427664.0,431575.0
2021-11-15 00:00:00-05:00,432193.0,434335.0,429079.0,429302.0
2021-11-16 00:00:00-05:00,429638.0,431849.0,427120.0,427702.0
2021-11-17 00:00:00-05:00,427651.0,429710.0,424201.0,426198.0
2021-11-18 00:00:00-05:00,428429.0,428429.0,422223.0,422702.0
2021-11-19 00:00:00-05:00,422901.0,424300.0,420000.0,423374.0
2021-11-22 00:00:00-05:00,425225.0,432000.0,422535.0,430100.0
2021-11-23 00:00:00-05:00,432837.0,435365.0,430100.0,434921.0
2021-11-24 00:00:00-05:00,434643.0,437139.0,431497.0,433333.0
2021-11-26 00:00:00-05:00,424233.0,429803.0,421091.0,427833.0
2021-11-29 00:00:00-05:00,429048.0,432135.0,425000.0,425260.0
2021-11-30 00:00:00-05:00,423823.0,426125.0,416546.0,416876.0
2021-12-01 00:00:00-05:00,421535.0,424669.0,415000.0,415660.0
2021-12-02 00:00:00-05:00,417776.0,422999.0,415526.0,420566.0
2021-12-03 00:00:00-05:00,421420.0,426000.0,416100.0,418676.0
2021-12-06 00:00:00-05:00,423201.0,428000.0,420000.0,426200.0
2021-12-07 00:00:00-05:00,430739.0,431679.0,426200.0,429830.0
2021-12-08 00:00:00-05:00,430115.0,432745.0,426000.0,427405.0
2021-12-09 00:00:00-05:00,428933.0,430650.0,425414.0,428402.0
2021-12-10 00:00:00-05:00,431254.0,435000.0,428402.0,435000.0
2021-12-13 00:00:00-05:00,435861.0,439700.0,430932.0,437730.0
2021-12-14 00:00:00-05:00,436865.0,446724.0,434981.0,446104.0
2021-12-15 00:00:00-05:00,445928.0,447794.0,441611.0,443702.0
2021-12-16 00:00:00-05:00,447540.0,454550.0,444655.0,454550.0
2021-12-17 00:00:00-05:00,448850.0,449949.0,441200.0,443304.0
2021-12-20 00:00:00-05:00,438290.0,439949.0,434055.0,437445.0
2021-12-21 00:00:00-05:00,441315.0,445379.0,439385.0,443000.0
2021-12-22 00:00:00-05:00,441460.0,444588.0,440300.0,444588.0
2021-12-23 00:00:00-05:00,445395.0,448250.0,443525.0,444654.0
2021-12-27 00:00:00-05:00,444205.0,447285.0,444020.0,447110.0
2021-12-28 00:00:00-05:00,447562.0,452244.0,446405.0,449570.0
2021-12-29 00:00:00-05:00,452370.0,453499.0,450655.0,452102.0
2021-12-30 00:00:00-05:00,453728.0,455000.0,452545.0,452700.0
2021-12-31 00:00:00-05:00,449945.0,455910.0,449945.0,450662.0
2022-01-03 00:00:00-05:00,452005.0,454800.0,451020.0,454300.0
2022-01-04 00:00:00-05:00,458675.0,466195.0,452376.0,465725.0
2022-01-05 00:00:00-05:00,468500.0,474181.0,466050.0,467274.0
2022-01-06 00:00:00-05:00,470900.0,473544.0,467236.0,473153.0
2022-01-07 00:00:00-05:00,474696.0,480888.0,472610.0,480000.0
2022-01-10 00:00:00-05:00,483800.0,483800.0,473373.0,477165.0
2022-01-11 00:00:00-05:00,479353.0,480935.0,473185.0,480340.0
2022-01-12 00:00:00-05:00,481190.0,483250.0,477094.0,481700.0
2022-01-13 00:00:00-05:00,482058.0,485800.0,481166.0,483872.0
2022-01-14 00:00:00-05:00,480280.0,486999.0,476336.0,485379.0
2022-01-18 00:00:00-05:00,484930.0,487255.0,477585.0,480081.0
2022-01-19 00:00:00-05:00,483000.0,484850.0,472560.0,473440.0
2022-01-20 00:00:00-05:00,473973.0,476625.0,466602.0,467390.0
2022-01-21 00:00:00-05:00,465040.0,466989.0,456623.0,458675.0
2022-01-24 00:00:00-05:00,449333.0,457999.0,445000.0,456901.0
2022-01-25 00:00:00-05:00,453012.0,464728.0,443402.0,461919.0
2022-01-26 00:00:00-05:00,466162.0,470770.0,460206.0,463652.0
2022-01-27 00:00:00-05:00,469000.0,473900.0,458201.0,461200.0
2022-01-28 00:00:00-05:00,462560.0,469880.0,456281.0,469880.0
2022-01-31 00:00:00-05:00,467665.0,470739.0,462151.0,469805.0
2022-02-01 00:00:00-05:00,469465.0,471888.0,465460.0,471184.0
2022-02-02 00:00:00-05:00,470620.0,480400.0,469001.0,479500.0
2022-02-03 00:00:00-05:00,478840.0,481029.0,472081.0,472536.0
2022-02-04 00:00:00-05:00,471990.0,476888.0,469101.0,473364.0
2022-02-07 00:00:00-05:00,474100.0,477350.0,468253.0,474900.0
2022-02-08 00:00:00-05:00,477670.0,484200.0,474112.0,482030.0
2022-02-09 00:00:00-05:00,485650.0,488400.0,482502.0,483900.0
2022-02-10 00:00:00-05:00,481000.0,483726.0,478000.0,480105.0
2022-02-11 00:00:00-05:00,481068.0,484850.0,476886.0,479370.0
2022-02-14 00:00:00-05:00,479208.0,481054.0,468563.0,472410.0
2022-02-15 00:00:00-05:00,475390.0,476980.0,472456.0,473980.0
2022-02-16 00:00:00-05:00,472983.0,475780.0,471401.0,474444.0
2022-02-17 00:00:00-05:00,474829.0,474829.0,469182.0,470655.0
2022-02-18 00:00:00-05:00,471528.0,473920.0,469091.0,472257.0
2022-02-22 00:00:00-05:00,470733.0,473460.0,466257.0,471418.0
2022-02-23 00:00:00-05:00,474975.0,475989.0,464400.0,465515.0
2022-02-24 00:00:00-05:00,452928.0,463490.0,450000.0,462110.0
2022-02-25 00:00:00-05:00,467598.0,482579.0,465326.0,479345.0
2022-02-28 00:00:00-05:00,476700.0,483638.0,473930.0,476205.0
2022-03-01 00:00:00-05:00,482000.0,482151.0,470645.0,475879.0
2022-03-02 00:00:00-05:00,479175.0,488765.0,477091.0,486109.0
2022-03-03 00:00:00-05:00,490797.0,494420.0,485855.0,491245.0
2022-03-04 00:00:00-05:00,485375.0,488298.0,480341.0,487440.0
2022-03-07 00:00:00-05:00,491039.0,492059.0,480888.0,484527.0
2022-03-08 00:00:00-05:00,486690.0,491500.0,476921.0,478025.0
2022-03-09 00:00:00-05:00,491339.0,491550.0,484184.0,488245.0
2022-03-10 00:00:00-05:00,484252.0,490800.0,482520.0,487820.0
2022-03-11 00:00:00-05:00,490155.0,497333.0,488551.0,489802.0
2022-03-14 00:00:00-04:00,493988.0,500023.0,491947.0,493785.0
2022-03-15 00:00:00-04:00,498673.0,501939.0,494023.0,498160.0
2022-03-16 00:00:00-04:00,502201.0,506029.0,497613.0,504036.0
2022-03-17 00:00:00-04:00,505385.0,518438.0,503641.0,518438.0
2022-03-18 00:00:00-04:00,515731.0,520654.0,508853.0,512991.0
2022-03-21 00:00:00-04:00,517231.0,526733.0,515970.0,525000.0
2022-03-22 00:00:00-04:00,526201.0,532530.0,523500.0,525854.0
2022-03-23 00:00:00-04:00,523066.0,528015.0,519151.0,521781.0
2022-03-24 00:00:00-04:00,528414.0,528817.0,523778.0,528817.0
2022-03-25 00:00:00-04:00,531088.0,538949.0,529981.0,538949.0
2022-03-28 00:00:00-04:00,540913.0,544000.0,533345.0,539180.0
2022-03-29 00:00:00-04:00,544389.0,544389.0,528750.0,532011.0
2022-03-30 00:00:00-04:00,531305.0,537371.0,527650.0,536440.0
2022-03-31 00:00:00-04:00,538660.0,540420.0,528921.0,528921.0
2022-04-01 00:00:00-04:00,530026.0,533139.0,523662.0,527760.0
2022-04-04 00:00:00-04:00,529375.0,532029.0,516593.0,518714.0
2022-04-05 00:00:00-04:00,520074.0,524425.0,516000.0,516000.0
2022-04-06 00:00:00-04:00,511475.0,520369.0,510241.0,517002.0
2022-04-07 00:00:00-04:00,519111.0,521855.0,513905.0,519760.0
2022-04-08 00:00:00-04:00,524139.0,531040.0,520276.0,529000.0
2022-04-11 00:00:00-04:00,528413.0,531880.0,524086.0,527590.0
2022-04-12 00:00:00-04:00,529165.0,531000.0,522693.0,524271.0
2022-04-13 00:00:00-04:00,524135.0,525900.0,517973.0,519800.0
2022-04-14 00:00:00-04:00,519163.0,521674.0,516435.0,516435.0
2022-04-18 00:00:00-04:00,516774.0,521019.0,514600.0,519499.0
2022-04-19 00:00:00-04:00,522339.0,524208.0,519001.0,523260.0
2022-04-20 00:00:00-04:00,525288.0,526699.0,521000.0,522901.0
2022-04-21 00:00:00-04:00,524394.0,526900.0,515000.0,515815.0
2022-04-22 00:00:00-04:00,515050.0,517444.0,504514.0,505440.0
2022-04-25 00:00:00-04:00,501835.0,509650.0,495150.0,506200.0
2022-04-26 00:00:00-04:00,506789.0,507419.0,497777.0,497777.0
2022-04-27 00:00:00-04:00,498093.0,502799.0,495069.0,496800.0
2022-04-28 00:00:00-04:00,497010.0,502329.0,494335.0,499000.0
2022-04-29 00:00:00-04:00,495206.0,500000.0,484340.0,484340.0
2022-05-02 00:00:00-04:00,485921.0,492125.0,470692.0,478150.0
2022-05-03 00:00:00-04:00,480541.0,487713.0,478150.0,481198.0
2022-05-04 00:00:00-04:00,486664.0,494343.0,477712.0,494343.0
2022-05-05 00:00:00-04:00,487900.0,493850.0,476748.0,481400.0
2022-05-06 00:00:00-04:00,482864.0,483795.0,475000.0,479500.0
2022-05-09 00:00:00-04:00,477825.0,478000.0,468902.0,471200.0
2022-05-10 00:00:00-04:00,478465.0,478750.0,466052.0,469780.0
2022-05-11 00:00:00-04:00,474535.0,476600.0,466725.0,468000.0
2022-05-12 00:00:00-04:00,460431.0,464845.0,454670.0,461631.0
2022-05-13 00:00:00-04:00,466106.0,469144.0,462327.0,465011.0
2022-05-16 00:00:00-04:00,465135.0,468058.0,461007.0,464250.0
2022-05-17 00:00:00-04:00,470771.0,478709.0,468331.0,471670.0
2022-05-18 00:00:00-04:00,471053.0,473285.0,458620.0,461000.0
2022-05-19 00:00:00-04:00,457940.0,459694.0,452000.0,456031.0
2022-05-20 00:00:00-04:00,462425.0,462425.0,448108.0,456500.0
2022-05-23 00:00:00-04:00,462639.0,469080.0,459371.0,464510.0
2022-05-24 00:00:00-04:00,465580.0,465580.0,455721.0,463606.0
2022-05-25 00:00:00-04:00,462230.0,466541.0,459141.0,462890.0
2022-05-26 00:00:00-04:00,465146.0,471602.0,464951.0,468805.0
2022-05-27 00:00:00-04:00,472795.0,478670.0,470021.0,478670.0
2022-05-31 00:00:00-04:00,477890.0,479309.0,472110.0,474050.0
2022-06-01 00:00:00-04:00,476594.0,476594.0,464900.0,469620.0
2022-06-02 00:00:00-04:00,472134.0,472886.0,463312.0,472710.0
2022-06-03 00:00:00-04:00,469925.0,471789.0,465850.0,467650.0
2022-06-06 00:00:00-04:00,472900.0,473900.0,467632.0,468400.0
2022-06-07 00:00:00-04:00,467650.0,471500.0,464551.0,471500.0
2022-06-08 00:00:00-04:00,472090.0,472090.0,462301.0,463300.0
2022-06-09 00:00:00-04:00,464275.0,464275.0,451757.0,452260.0
2022-06-10 00:00:00-04:00,448000.0,448500.0,439005.0,439780.0
2022-06-13 00:00:00-04:00,432489.0,433869.0,422438.0,423700.0
2022-06-14 00:00:00-04:00,421651.0,428220.0,414200.0,415500.0
2022-06-15 00:00:00-04:00,423688.0,426715.0,411427.0,418600.0
2022-06-16 00:00:00-04:00,413375.0,413375.0,400669.0,403971.0
2022-06-17 00:00:00-04:00,406209.0,406209.0,399022.0,403150.0
2022-06-21 00:00:00-04:00,412749.0,412749.0,405700.0,407800.0
2022-06-22 00:00:00-04:00,402568.0,410483.0,400741.0,405649.0
2022-06-23 00:00:00-04:00,406413.0,408499.0,396500.0,402300.0
2022-06-24 00:00:00-04:00,405489.0,419859.0,402550.0,417401.0
2022-06-27 00:00:00-04:00,423279.0,424085.0,416750.0,417700.0
2022-06-28 00:00:00-04:00,421977.0,423728.0,411287.0,412170.0
2022-06-29 00:00:00-04:00,415239.0,415239.0,410000.0,411050.0
2022-06-30 00:00:00-04:00,407634.0,412869.0,403567.0,408950.0
2022-07-01 00:00:00-04:00,407700.0,417869.0,407700.0,415850.0
2022-07-05 00:00:00-04:00,414924.0,414924.0,407993.0,413844.0
2022-07-06 00:00:00-04:00,415539.0,416500.0,409661.0,414148.0
2022-07-07 00:00:00-04:00,416843.0,419825.0,415832.0,419200.0
2022-07-08 00:00:00-04:00,421258.0,424200.0,418977.0,421800.0
2022-07-11 00:00:00-04:00,420824.0,422550.0,417250.0,417900.0
2022-07-12 00:00:00-04:00,415405.0,423700.0,415405.0,416449.0
2022-07-13 00:00:00-04:00,413910.0,420795.0,411385.0,417250.0
2022-07-14 00:00:00-04:00,412499.0,413500.0,407734.0,412600.0
2022-07-15 00:00:00-04:00,416157.0,420500.0,414694.0,418349.0
2022-07-18 00:00:00-04:00,423459.0,423625.0,412864.0,414450.0
2022-07-19 00:00:00-04:00,421539.0,426598.0,417309.0,425110.0
2022-07-20 00:00:00-04:00,425260.0,430059.0,425260.0,429200.0
2022-07-21 00:00:00-04:00,432039.0,432789.0,423600.0,430900.0
2022-07-22 00:00:00-04:00,434424.0,434808.0,425911.0,429562.0
2022-07-25 00:00:00-04:00,432249.0,434030.0,428185.0,432579.0
2022-07-26 00:00:00-04:00,431963.0,433733.0,427415.0,428644.0
2022-07-27 00:00:00-04:00,431500.0,437783.0,429290.0,436100.0
2022-07-28 00:00:00-04:00,436773.0,442000.0,430815.0,442000.0
2022-07-29 00:00:00-04:00,446035.0,453985.0,443617.0,451700.0
2022-08-01 00:00:00-04:00,451989.0,451989.0,443000.0,444650.0
2022-08-02 00:00:00-04:00,445734.0,445734.0,438650.0,439180.0
2022-08-03 00:00:00-04:00,443964.0,444851.0,437005.0,443450.0
2022-08-04 00:00:00-04:00,444294.0,445200.0,440875.0,442149.0
2022-08-05 00:00:00-04:00,438635.0,443384.0,436510.0,439529.0
2022-08-08 00:00:00-04:00,445259.0,450000.0,439010.0,439167.0
2022-08-09 00:00:00-04:00,441378.0,447370.0,438665.0,440058.0
2022-08-10 00:00:00-04:00,445300.0,446904.0,441500.0,442800.0
2022-08-11 00:00:00-04:00,448839.0,448869.0,444701.0,445302.0
2022-08-12 00:00:00-04:00,448193.0,453059.0,446132.0,452697.0
2022-08-15 00:00:00-04:00,450929.0,456992.0,446866.0,455170.0
2022-08-16 00:00:00-04:00,459224.0,463000.0,456000.0,461300.0
2022-08-17 00:00:00-04:00,459959.0,461269.0,454105.0,457277.0
2022-08-18 00:00:00-04:00,458178.0,458178.0,453347.0,457400.0
2022-08-19 00:00:00-04:00,457004.0,457004.0,446512.0,447155.0
2022-08-22 00:00:00-04:00,444239.0,444239.0,432452.0,433650.0
2022-08-23 00:00:00-04:00,436408.0,438274.0,432739.0,435730.0
2022-08-24 00:00:00-04:00,436625.0,442318.0,435010.0,442210.0
2022-08-25 00:00:00-04:00,444694.0,448000.0,440222.0,448000.0
2022-08-26 00:00:00-04:00,448973.0,450868.0,435770.0,436201.0
2022-08-29 00:00:00-04:00,435064.0,435803.0,429487.0,433300.0
2022-08-30 00:00:00-04:00,436039.0,436594.0,428122.0,429700.0
2022-08-31 00:00:00-04:00,431745.0,433325.0,421308.0,421308.0
2022-09-01 00:00:00-04:00,421000.0,424907.0,416882.0,424290.0
2022-09-02 00:00:00-04:00,429439.0,429439.0,415362.0,417940.0
2022-09-06 00:00:00-04:00,419989.0,420248.0,414285.0,416860.0
2022-09-07 00:00:00-04:00,417000.0,423246.0,412675.0,422047.0
2022-09-08 00:00:00-04:00,420723.0,426850.0,416794.0,426850.0
2022-09-09 00:00:00-04:00,428918.0,431348.0,426000.0,429819.0
2022-09-12 00:00:00-04:00,432133.0,434577.0,429671.0,433062.0
2022-09-13 00:00:00-04:00,427939.0,428446.0,417599.0,418700.0
2022-09-14 00:00:00-04:00,419878.0,421200.0,414247.0,420500.0
2022-09-15 00:00:00-04:00,418509.0,423305.0,415622.0,417103.0
2022-09-16 00:00:00-04:00,415200.0,416251.0,412100.0,414537.0
2022-09-19 00:00:00-04:00,411561.0,421339.0,410892.0,421339.0
2022-09-20 00:00:00-04:00,419708.0,419869.0,414501.0,419869.0
2022-09-21 00:00:00-04:00,423754.0,423754.0,407585.0,407930.0
2022-09-22 00:00:00-04:00,408263.0,409684.0,405000.0,405375.0
2022-09-23 00:00:00-04:00,403477.0,404799.0,399450.0,404485.0
2022-09-26 00:00:00-04:00,401234.0,404499.0,397787.0,399128.0
2022-09-27 00:00:00-04:00,402858.0,404000.0,395202.0,401490.0
2022-09-28 00:00:00-04:00,404133.0,414000.0,400342.0,410705.0
2022-09-29 00:00:00-04:00,409808.0,412716.0,401227.0,406700.0
2022-09-30 00:00:00-04:00,406833.0,413174.0,404072.0,406470.0
2022-10-03 00:00:00-04:00,409435.0,414650.0,405116.0,413300.0
2022-10-04 00:00:00-04:00,419663.0,425535.0,417422.0,424180.0
2022-10-05 00:00:00-04:00,419406.0,423915.0,416842.0,420667.0
2022-10-06 00:00:00-04:00,422904.0,422904.0,415945.0,416300.0
2022-10-07 00:00:00-04:00,413767.0,415639.0,403600.0,406010.0
2022-10-10 00:00:00-04:00,407071.0,408699.0,401591.0,403000.0
2022-10-11 00:00:00-04:00,401645.0,409610.0,400332.0,402836.0
2022-10-12 00:00:00-04:00,404106.0,405249.0,399251.0,399251.0
2022-10-13 00:00:00-04:00,394152.0,417860.0,393012.0,415222.0
2022-10-14 00:00:00-04:00,419359.0,421651.0,412760.0,412760.0
2022-10-17 00:00:00-04:00,420553.0,421848.0,416837.0,419101.0
2022-10-18 00:00:00-04:00,427925.0,431340.0,423923.0,428465.0
2022-10-19 00:00:00-04:00,427233.0,430415.0,419630.0,421610.0
2022-10-20 00:00:00-04:00,421045.0,423875.0,413950.0,413950.0
2022-10-21 00:00:00-04:00,413212.0,428230.0,410112.0,427170.0
2022-10-24 00:00:00-04:00,428849.0,437725.0,427787.0,432500.0
2022-10-25 00:00:00-04:00,436233.0,437829.0,432873.0,436400.0
2022-10-26 00:00:00-04:00,438228.0,440405.0,434601.0,435660.0
2022-10-27 00:00:00-04:00,438783.0,468795.0,415639.0,437900.0
2022-10-28 00:00:00-04:00,441662.0,451970.0,440052.0,451900.0
2022-10-31 00:00:00-04:00,449277.0,450838.0,444750.0,445050.0
2022-11-01 00:00:00-04:00,450141.0,452079.0,441880.0,443004.0
2022-11-02 00:00:00-04:00,439612.0,449942.0,437255.0,438700.0
2022-11-03 00:00:00-04:00,432450.0,434428.0,428465.0,428800.0
2022-11-04 00:00:00-04:00,434463.0,437250.0,426136.0,432000.0
2022-11-07 00:00:00-05:00,439035.0,442216.0,434837.0,438575.0
2022-11-08 00:00:00-05:00,440405.0,445435.0,436312.0,442100.0
2022-11-09 00:00:00-05:00,441802.0,444168.0,434925.0,435945.0
2022-11-10 00:00:00-05:00,448491.0,458385.0,444918.0,457665.0
2022-11-11 00:00:00-05:00,460358.0,471870.0,456962.0,469047.0
2022-11-14 00:00:00-05:00,471809.0,472470.0,464516.0,466600.0
2022-11-15 00:00:00-05:00,474063.0,474483.0,464625.0,468233.0
2022-11-16 00:00:00-05:00,470628.0,471328.0,463401.0,465520.0
2022-11-17 00:00:00-05:00,460785.0,465000.0,459043.0,463695.0
2022-11-18 00:00:00-05:00,469643.0,469643.0,465395.0,468290.0
2022-11-21 00:00:00-05:00,467817.0,471915.0,464865.0,468922.0
2022-11-22 00:00:00-05:00,470609.0,477410.0,469217.0,476980.0
2022-11-23 00:00:00-05:00,476823.0,477530.0,473716.0,477020.0
2022-11-25 00:00:00-05:00,480350.0,481580.0,476281.0,478676.0
2022-11-28 00:00:00-05:00,474511.0,478839.0,471000.0,472712.0
2022-11-29 00:00:00-05:00,471118.0,475971.0,468796.0,475843.0
2022-11-30 00:00:00-05:00,476094.0,480302.0,466100.0,480280.0
2022-12-01 00:00:00-05:00,481043.0,483162.0,472864.0,477085.0
2022-12-02 00:00:00-05:00,472705.0,477526.0,470680.0,477403.0
2022-12-05 00:00:00-05:00,475080.0,476689.0,466160.0,468700.0
2022-12-06 00:00:00-05:00,467175.0,469659.0,462422.0,464838.0
2022-12-07 00:00:00-05:00,464303.0,467081.0,460408.0,461593.0
2022-12-08 00:00:00-05:00,462436.0,464619.0,460612.0,462780.0
2022-12-09 00:00:00-05:00,461773.0,466120.0,459402.0,463000.0
2022-12-12 00:00:00-05:00,465650.0,471235.0,461796.0,471080.0
2022-12-13 00:00:00-05:00,482503.0,483393.0,469410.0,472000.0
2022-12-14 00:00:00-05:00,473079.0,477700.0,466452.0,468020.0
2022-12-15 00:00:00-05:00,464249.0,464249.0,452975.0,457460.0
2022-12-16 00:00:00-05:00,453163.0,457890.0,450050.0,454620.0
2022-12-19 00:00:00-05:00,456494.0,457244.0,450245.0,455280.0
2022-12-20 00:00:00-05:00,457049.0,460698.0,446545.0,457400.0
2022-12-21 00:00:00-05:00,463000.0,469220.0,459151.0,467600.0
2022-12-22 00:00:00-05:00,465427.0,469810.0,450709.0,458700.0
2022-12-23 00:00:00-05:00,458596.0,463510.0,455892.0,463400.0
2022-12-27 00:00:00-05:00,475795.0,476155.0,461000.0,461955.0
2022-12-28 00:00:00-05:00,465000.0,465235.0,445251.0,459800.0
2022-12-29 00:00:00-05:00,462715.0,470000.0,460730.0,468725.0
2022-12-30 00:00:00-05:00,469317.0,469317.0,462800.0,468711.0
